,Athlete,Country,NumWCups
1,Sean MCCOLL (Current),Canada,178
2,Jakob SCHUBERT (Current),Austria,159
3,Ramón JULIAN PUIGBLANQUE,Spain,129
4,Jorg VERHOEVEN,Netherlands,122
5,Romain DESGRANGES,France,122
6,Stefano GHISOLFI (Current),Italy,115
7,Jernej KRUDER,Slovenia,114
8,Klemen BECAN,Slovenia,110
9,Kilian FISCHHUBER,Austria,107
10,Marcello BOMBARDI (Current),Italy,100
11,Jan HOJER,Germany,97
12,Domen SKOFIC,Slovenia,96
13,Tomasz OLEKSY,Poland,96
14,Kokoro FUJII,Japan,93
15,Tomoa NARASAKI (Current),Japan,93
16,Martin STRANIK (Current),Czechia,90
17,Luca ZARDINI,Italy,90
18,Nicolas COLLIN (Current),Belgium,89
19,Yoshiyuki OGATA (Current),Japan,89
20,Sascha LEHMANN (Current),Switzerland,83
21,Jongwon CHON (Current),Republic of Korea,82
22,Michael PICCOLRUAZ (Current),Italy,81
23,Mikhail CHERNIKOV,Russia,81
24,Tomás MRÁZEK,Czechia,80
25,Marcin DZIENSKI (Current),Poland,80
26,Dmitrii SHARAFUTDINOV,Russia,80
27,Rustam GELMANOV,Russia,78
28,Ludovico FOSSALI (Current),Italy,76
29,Christian CORE,Italy,75
30,Matej SOVA,Slovenia,75
31,Hannes PUMAN (Current),Sweden,75
32,David BARRANS,United Kingdom,75
33,Luca GIUPPONI,Italy,73
34,Yufei PAN (Current),China,73
35,Cédric LACHAT,Switzerland,72
36,Evgenii VAITSEKHOVSKII,Russia,72
37,Adam ONDRA (Current),Czechia,71
38,Flavio CRESPI,Italy,71
39,Sergei SINITCYN,Russia,71
40,Christoph HANKE (Current),Germany,70
41,Yannick FLOHÉ (Current),Germany,70
42,Christian BINDHAMMER,Germany,70
43,Sylvain MILLET,France,70
44,Sebastian HALENKE (Current),Germany,70
45,Guillaume GLAIRON MONDET,France,69
46,Mario LECHNER,Austria,69
47,Stanislav KOKORIN,Russia,69
48,Loïc TIMMERMANS,Belgium,68
49,Salavat RAKHMETOV,Russia,68
50,Libor HROZA,Czechia,68
51,Javier CANO BLAZQUEZ (Current),Spain,68
52,Tsukuru HORI,Japan,67
53,Cheung-Chi Shoji CHAN (Current),"China, Hong Kong Special Administrative Region",67
54,Andreas BINDHAMMER,Germany,66
55,Anze PEHARC (Current),Slovenia,66
56,Patxi USOBIAGA LAKUNZA,Spain,65
57,Sean BAILEY,United States of America,65
58,Aleksei RUBTSOV,Russia,64
59,Masahiro HIGUCHI (Current),Japan,64
60,Jabee KIM,Republic of Korea,64
61,Max RUDIGIER,Austria,64
62,Cristian BRENNA,Italy,63
63,Serik KAZBEKOV,Ukraine,63
64,Jürgen REIS,Austria,63
65,Sachi AMMA,Japan,63
66,Chi-Fung AU (Current),"China, Hong Kong Special Administrative Region",63
67,Francesco VETTORATA,Italy,62
68,Gabriele MORONI,Italy,62
69,Jonas BAUMANN,Germany,62
70,Evgeny OVCHINNIKOV,Russia,61
71,François PETIT,France,61
72,Gérome POUVREAU,France,61
73,Rei SUGIMOTO (Current),Japan,61
74,Wouter JONGENEELEN,Netherlands,59
75,Simon LORENZI (Current),Belgium,59
76,Magnus MIDTBOE,Norway,59
77,Gautier SUPPER,France,59
78,Martin BERGANT (Current),Slovenia,58
79,François LEGRAND,France,58
80,David CAUDE,France,58
81,Yevgen KRYVOSHEYTSEV,Ukraine,57
82,Qixin ZHONG,China,57
83,Alexander MEGOS (Current),Germany,56
84,Filip SCHENK (Current),Italy,56
85,Alexandre CHABOT,France,56
86,Mickael MAWEM (Current),France,56
87,Alex KHAZANOV,Israel,56
88,Manuel CORNU (Current),France,56
89,Loïc GAIDIOZ,France,55
90,Hyunbin MIN (Current),Republic of Korea,55
91,Gareth PARRY,United Kingdom,54
92,Jérôme MEYER,France,54
93,Manuel ROMAIN,France,54
94,Dohyun LEE (Current),Republic of Korea,54
95,Guillaume MORO (Current),France,53
96,Hanwool KIM,Republic of Korea,53
97,Casper TEN SIJTHOFF,Netherlands,52
98,Bassa MAWEM (Current),France,52
99,Sam AVEZOU (Current),France,51
100,Luka POTOCAR (Current),Slovenia,51
101,Igor GUSAK,Ukraine,51
102,Daniel DU LAC,France,51
103,Mykhaylo SHALAGIN,Ukraine,51
104,Meichi NARASAKI (Current),Japan,51
105,Fabien DUGIT,France,50
106,Fedir SAMOILOV,Ukraine,50
107,Thomas TAUPORN,Germany,50
108,Leonardo GONTERO,Italy,50
109,Yuji HIRAYAMA,Japan,49
110,Matthias MÜLLER,Switzerland,49
111,Michaël FUSELIER,France,49
112,Colin DUFFY (Current),United States of America,49
113,Gregor VEZONIK (Current),Slovenia,49
114,Oscar BAUDRAND (Current),Canada,48
115,Danyil BOLDYREV,Ukraine,48
116,Alberto GINÉS LÓPEZ (Current),Spain,47
117,Ludovic LAURENCE,France,47
118,Lucas PRETI,Italy,47
119,Benjamin BLASER,Switzerland,47
120,Nimrod MARCUS (Current),Israel,47
121,Thomas CALEYRON,France,47
122,Jeremy BONDER,France,46
123,Aljosa GROM,Slovenia,46
124,Mathieu DUTRAY,France,46
125,Csaba KOMONDI,Hungary,46
126,Tomaz VALJAVEC,Slovenia,46
127,Sangwon SON,Republic of Korea,46
128,Satone YOSHIDA (Current),Japan,46
129,Reza ALIPOUR SHENAZANDIFARD (Current),Iran (Islamic Republic of),46
130,Nicky DE LEEUW,Netherlands,46
131,Elan JONASMCRAE,Canada,46
132,Philipp MARTIN (Current),Germany,45
133,Akito MATSUSHIMA,Japan,45
134,Rolands RUGENS (Current),Latvia,45
135,Kai HARADA,Japan,45
136,Campbell HARRISON (Current),Australia,45
137,Eduard MARIN GARCIA,Spain,45
138,Peter WÜRTH,Germany,45
139,Ivan KAUROV,Russia,45
140,Georg PARMA,Austria,44
141,Mikel Asier LINACISORO MOLINA (Current),Spain,44
142,Jurij GOLOB,Slovenia,44
143,Jan-Luca POSCH (Current),Austria,44
144,John BROSLER (Current),United States of America,44
145,Alberto GNERRO,Italy,43
146,Stephane JULIEN,France,43
147,Yuval SHEMLA (Current),Israel,43
148,Gian Luca ZODDA (Current),Italy,43
149,Sorato ANRAKU (Current),Japan,43
150,Vadim VINOKUR,United States of America,42
151,Riccardo SCARIAN,Italy,41
152,Maksym PETRENKO,Ukraine,41
153,Tomoaki TAKATA,Japan,41
154,Nathaniel COLEMAN (Current),United States of America,41
155,Amir MAIMURATOV (Current),Kazakhstan,41
156,Kostiantyn PAVLENKO (Current),Ukraine,41
157,Dimitri VOGT,Switzerland,41
158,Aleksandr SHIKOV,Russia,41
159,Remo SOMMER,Switzerland,41
160,Kevin HEMUND,Switzerland,41
161,Lukas ENNEMOSER,Austria,41
162,David LAMA,Austria,41
163,Stefan DANKER,Germany,41
164,Milan PRESKAR (Current),Slovenia,40
165,James POPE,United Kingdom,40
166,Lukasz SWIRK,Poland,40
167,Arman TER-MINASYAN,Russia,40
168,Urban PRIMOZIC,Slovenia,40
169,Alban LEVIER,France,40
170,Jesse GRUPPER (Current),United States of America,40
171,Daniel ANDRADA JIMENEZ,Spain,39
172,Urh CEHOVIN,Slovenia,39
173,Markus HOPPE,Germany,39
174,Martin JAGGI,Switzerland,39
175,Nino GRÜNENFELDER (Current),Switzerland,39
176,Jan KRIZ,Czechia,39
177,Alexander PESHEKHONOV,Russia,38
178,Alfian MUHAMMAD FAJRI (Current),Indonesia,38
179,Marco antonio JUBES ANGARITA,Spain,38
180,Jedrzej KOMOSINSKI,Poland,38
181,Eric LOPEZ MATEOS,Spain,38
182,David FIRNENBURG,Germany,38
183,Yuji FUJIWAKI (Current),Japan,38
184,Arnaud PETIT,France,37
185,Bernardino LAGNI,Italy,37
186,Kazuma WATANABE,Japan,37
187,Thomas JOANNES,France,37
188,Mejdi SCHALCK (Current),France,36
189,Stefan SCHERZ (Current),Austria,36
190,Sergii TOPISHKO,Ukraine,36
191,Carlos GRANJA,Ecuador,36
192,Victor BAUDRAND (Current),Canada,36
193,Felipe HO FOGANHOLO (Current),Brazil,36
194,Jaha KIM,Republic of Korea,36
195,Mauricio HUERTA,Mexico,36
196,Haibin QU,China,36
197,Thomas BALLET,France,36
198,Ka-Chun YAU (Current),"China, Hong Kong Special Administrative Region",36
199,Rishat KHAIBULLIN (Current),Kazakhstan,35
200,Elie CHEVIEUX,Switzerland,35
201,Julien MERAL,France,35
202,François AUCLAIR,France,35
203,Keita MOGAKI,Japan,35
204,Nathan PHILLIPS,United Kingdom,35
205,Dmitrii TIMOFEEV,Russia,35
206,Stewart WATSON,United Kingdom,35
207,Andrzej MECHERZYNSKI-WIKTOR,Poland,35
208,Jure BECAN,Slovenia,35
209,Keita DOHI (Current),Japan,35
210,Taisei HOMMA (Current),Japan,35
211,Paul JENFT (Current),France,34
212,Reinhard FICHTINGER,Austria,34
213,Hannes VAN DUYSEN (Current),Belgium,34
214,Nicolai UZNIK (Current),Austria,34
215,Ram LEVIN (Current),Israel,34
216,Maximillian MILNE (Current),United Kingdom,34
217,Stéphan JULIEN,France,34
218,Stefan SCARPERI,Italy,34
219,Max KLEESATTEL (Current),Germany,33
220,Maksym STYENKOVYY,Ukraine,33
221,Kevin HEINIGER,Switzerland,33
222,Benjamin HANNA (Current),United States of America,33
223,Lukas KNAPP (Current),Austria,33
224,Ondrej SVUB,Slovakia,33
225,Tomas BINTER,Czechia,33
226,Jonatan FLOR VAZQUEZ,Spain,33
227,Benjamin VARGAS (Current),Chile,33
228,Jean-baptiste TRIBOUT,France,32
229,Andrej CHRASTINA,Slovakia,32
230,Simon WANDELER,Switzerland,32
231,Julien CLÉMENCE (Current),Switzerland,32
232,William RIDAL,United Kingdom,32
233,Noah BRATSCHI (Current),United States of America,32
234,Martin TEKLES,Germany,32
235,Erik NOYA CARDONA (Current),Spain,32
236,Andre BOROWKA,Germany,32
237,Mathias CONRAD,Germany,32
238,Zida MA,China,32
239,Minoru NAKANO,Japan,32
240,Yuki HADA,Japan,32
241,Nikolay RUSEV (Current),Bulgaria,32
242,François LOMBARD,France,31
243,Karsten BOROWKA,Germany,31
244,Keita WATABE,Japan,31
245,Aleksandr SHILOV,Russia,31
246,William BOSI,United Kingdom,31
247,Toby ROBERTS (Current),United Kingdom,31
248,Patxi AROCENA,Spain,30
249,Ao YURIKUSA (Current),Japan,30
250,Vladislav DEULIN,Russia,30
251,Cesar GROSSO,Brazil,30
252,Arsenii SHEVCHENKO,Russia,30
253,Alfons DORNAUER,Austria,30
254,Stefan FÜRST,Austria,29
255,Stefano ALIPPI,Italy,29
256,Mark CROXALL,United Kingdom,29
257,Chi-wai LAI,"China, Hong Kong Special Administrative Region",29
258,Hidekazu ITO,Japan,29
259,Zach GALLA (Current),United States of America,29
260,Veddriq LEONARDO (Current),Indonesia,29
261,Daniel WINKLER,Switzerland,29
262,Elko SCHELLINGERHOUT,Netherlands,29
263,Thilo jeldrik SCHRÖTER,Norway,29
264,Nao MONCHOIS (Current),France,28
265,Nils FAVRE,Switzerland,28
266,Hamish MCARTHUR (Current),United Kingdom,28
267,Aspar JAELOLO,Indonesia,28
268,Samuel WATSON (Current),United States of America,28
269,Leo AVEZOU (Current),France,27
270,Frédéric COROLLER,France,27
271,Paul DEWILDE,France,27
272,Peter BOSMA,Sweden,27
273,Iakov SOUBBOTINE,Russia,27
274,Elias ARRIAGADA KRÜGER (Current),Germany,27
275,Yaroslav TKACH (Current),Ukraine,27
276,Manuel ESCOBAR,Venezuela (Bolivarian Republic of),27
277,Gholamali BARATZADEH,Iran (Islamic Republic of),27
278,Jonathan PARTRIDGE,United Kingdom,27
279,Keiichiro KORENAGA,Japan,27
280,Rodrigo IASI HANADA (Current),Brazil,27
281,Jakub KONECNY (Current),Czechia,26
282,Frederic SARKANY,Belgium,26
283,Blaz RANT,Slovenia,26
284,Nicolas BADIA,France,26
285,Benoit HEINTZ,France,26
286,Sebastien LAZURE,Canada,26
287,Zach HAMMER (Current),United States of America,26
288,Shuto FUJINO (Current),Japan,26
289,Jonas UTELLI (Current),Switzerland,26
290,Slav KIROV (Current),Bulgaria,26
291,Ian VICKERS,United Kingdom,25
292,Marek HAVLIK,Czechia,25
293,Andrey VEDENMEER,Ukraine,25
294,César ciudad MANZANEDO,Spain,25
295,Nicolas JANUEL,France,25
296,Andrew EARL,United Kingdom,25
297,Giorgio TOMATIS (Current),Italy,25
298,Flavien GUERIMAND,France,25
299,Aric MERZ,Germany,25
300,Jihwan PARK,Republic of Korea,25
301,Lukas KÖB,Austria,25
302,Josh LEVIN,United States of America,25
303,Jason HOLOWACH,Canada,25
304,Alessandro SANTONI,Italy,25
305,Sergio PASTOR MARTÍNEZ,Spain,25
306,Jianguo LONG (Current),China,25
307,Ryo OMASA (Current),Japan,25
308,Joaquin URRUTIA (Current),Chile,25
309,Mathias POSCH,Austria,24
310,Pedro PONS,Spain,24
311,Radovah SOUCEK,Czechia,24
312,Sohta AMAGASA (Current),Japan,24
313,Sergei LUZHETSKII,Russia,24
314,Shinta OZAWA,Japan,24
315,Michele CAMINATI,Italy,24
316,Artyom DEVYATERIKOV,Kazakhstan,24
317,Santiago DE ALBA FLORES (Current),Mexico,24
318,Rudolph RUANA,United States of America,24
319,Sebastian LUCKE (Current),Germany,24
320,Adrien LEMAIRE (Current),France,23
321,Franci JENSTERLE,Slovenia,23
322,Timo PREUSSLER,Germany,23
323,Ethan PITCHER (Current),Canada,23
324,Giovanni PLACCI (Current),Italy,23
325,Arsène DUVAL (Current),France,23
326,Fabien COMINA,France,23
327,Sergey ABDRAKHMANOV,Russia,23
328,Ruben FIRNENBURG,Germany,23
329,Dylan PARKS (Current),Australia,23
330,Shion OMATA (Current),Japan,23
331,Simon POTUCEK (Current),Czechia,22
332,David VILLIEN,France,22
333,Serguei NOURMAMATOV,Russia,22
334,Mauro CALIBANI,Italy,22
335,Iouri DOULOUB,Russia,22
336,Urs SCHÖNENBERGER,Switzerland,22
337,Stefano GHIDINI,Italy,22
338,Stephane DUGIT,France,22
339,Vadim TIMONOV,Russia,22
340,Nikolai IARILOVETS (Current),Russia,22
341,Ross FULKERSON (Current),United States of America,22
342,Zan LOVENJAK SUDAR (Current),Slovenia,22
343,Kiromal KATIBIN (Current),Indonesia,22
344,Linus BADER (Current),Germany,22
345,Pierre REBREYEND (Current),France,22
346,Leander CARMANNS (Current),Germany,22
347,Alisher MURAT (Current),Kazakhstan,22
348,Kim MARSCHNER,Germany,22
349,Stephane HANSSENS,Belgium,22
350,Valeriy KRYUKOV,Ukraine,22
351,Olivier HEQUIN,France,22
352,Edward FEEHALLY,United Kingdom,22
353,Tyler LANDMAN,United Kingdom,22
354,Jure RAZTRESEN,Slovenia,22
355,Ignacio SANCHEZ GONZÁLEZ,Spain,22
356,Charli BLEIN,France,22
357,James KASSAY,Australia,22
358,Seungwoon CHO,Republic of Korea,22
359,Bernhard RÖCK,Austria,22
360,Stefan BEDNAR,Slovakia,22
361,Matthias SCHIESTL,Austria,22
362,Yannick NAGEL (Current),Germany,22
363,Ardch INTRACHUPONGSE (Current),Thailand,22
364,Matteo ZURLONI (Current),Italy,22
365,Jean paul FINNE,Belgium,21
366,Pavel SAMOILINE,Russia,21
367,Kairat RAKHMETOV,Kazakhstan,21
368,Vili GUCEK,Slovenia,21
369,Serguei CHEMOULINKINE,Russia,21
370,Martin FELIX,Switzerland,21
371,Edvards GRUZITIS (Current),Latvia,21
372,Ben ABEL,Australia,21
373,Alexander KOSTERIN,Russia,21
374,Mark AMANN,Austria,21
375,Jiacuo SUOLANG,China,21
376,Victor ESTELLER OCAÑA,Spain,21
377,Elias WEILER,Austria,21
378,Bjørn ARNEL IISAGER,Denmark,21
379,Florian KLINGLER,Austria,21
380,Guy MCNAMEE (Current),Canada,21
381,Raviandi RAMADHAN (Current),Indonesia,21
382,Yongjun JUNG (Current),Republic of Korea,21
383,Kevin AMON (Current),Austria,21
384,Klaus BÜCHELE,Germany,20
385,Marek REPCIK,Slovakia,20
386,Christopher CUBITT,United Kingdom,20
387,Ferdinand SCHULTE,Netherlands,20
388,Thorsten NEUHAUS,Germany,20
389,Tim REUSER,Netherlands,20
390,Anthony GULLSTEN,Finland,20
391,Dmitrii FAKIRIANOV (Current),Russia,20
392,Alessandro BOULOS (Current),Italy,20
393,Maksym OSIPOV,Ukraine,20
394,Mikhail GOGOL,Russia,20
395,Qinghua WANG,China,20
396,Or WECHSLER,Israel,20
397,Tomas RAVANAL,Chile,20
398,Sébastien BERTHE,Belgium,20
399,Lucas UCHIDA,Canada,20
400,Matthias ERBER,Austria,20
401,Kai LIGHTNER,United States of America,20
402,Sergio VERDASCO URIZAL,Spain,20
403,Mykhayil TKACHUK,Ukraine,20
404,Cheuk-Hei HO (Current),"China, Hong Kong Special Administrative Region",20
405,Luke GOH WEN BIN (Current),Singapore,20
406,Guillermo PEINADO FRANGANILLO (Current),Spain,20
407,François COFFY,France,19
408,Pavel KORAN,Czechia,19
409,Juraj REPCIK,Slovakia,19
410,Christian BENK,Germany,19
411,Mark BRAND (Current),Netherlands,19
412,Alberto GOTTA,Italy,19
413,Arsenii BOGOMOLOV,Russia,19
414,Joe GOODACRE,United States of America,19
415,Magnus HÖGSTRÖM,Sweden,19
416,Christopher WEBB-PARSONS,Australia,19
417,Evgenii ZAZULIN,Russia,19
418,Francois KAISER,France,19
419,Franz KRAKENBERGER,Switzerland,19
420,Taisei ISHIMATSU,Japan,19
421,Jack MACDOUGALL (Current),United Kingdom,19
422,Michael O'NEILL (Current),Ireland,19
423,Max BERTONE (Current),France,19
424,Txema GOMEZ,Spain,18
425,Alexei TCHERTOV,Russia,18
426,Severino SCASSA,Italy,18
427,Christoph FINKEL,Germany,18
428,Doug ENGLEKIRK,United States of America,18
429,Matej MEJOVSEK,Slovenia,18
430,Christoph BUCHER,Germany,18
431,Milen VIDENOVSKI,Bulgaria,18
432,Frédéric TUSCAN,France,18
433,Luka ZAZVONIL,Slovenia,18
434,Heiko WILHELM,Austria,18
435,Pablo BARBERO ALFONSO,Spain,18
436,Marat SADYROV,Russia,18
437,Tobias PLANGGER (Current),Austria,18
438,Shuta TANAKA (Current),Japan,18
439,Roland WAGNER,Austria,18
440,Sebastien JALMAIN,France,18
441,Leonel DE LAS SALAS,Venezuela (Bolivarian Republic of),18
442,Maciej DOBRZANSKI,Poland,18
443,Yury NOVITSKIY,Russia,18
444,Stepan STRANIK,Czechia,18
445,Yaroslav GONTARYK,Ukraine,18
446,Moritz HANS,Germany,18
447,Riccardo PIAZZA,Italy,18
448,Rolf fredrik SERLACHIUS,Sweden,18
449,Nathan SMITH,Canada,18
450,Alexander AVERDUNK,Germany,18
451,Nathan MARTIN (Current),France,18
452,Nathan MARTIN (Current),Luxembourg,18
453,Dohyeon KIM (Current),Republic of Korea,18
454,Ravianto RAMADHAN (Current),Indonesia,18
455,Samuel BUTTERWORTH (Current),United Kingdom,18
456,Julian DAVID (Current),New Zealand,18
457,Luca ROBBIATI (Current),Italy,18
458,Hyunseung NOH (Current),Republic of Korea,18
459,Frédéric NICOLE,Switzerland,17
460,Vincent ALBRAND,France,17
461,Marcin WROBEL,Poland,17
462,Vladimir ZAKHAROV,Ukraine,17
463,Milan BENIAN,Czechia,17
464,Neil CARSON,United Kingdom,17
465,Kalin GARBOV,Bulgaria,17
466,Timmy FAIRFIELD,Canada,17
467,Kipras BALTRUNAS,Lithuania,17
468,Jakub JODLOWSKI,Poland,17
469,Peter KURIC (Current),Slovakia,17
470,Emanuel MOOSBURGER,Austria,17
471,Bastien GERLAND,France,17
472,Emmanuel LOPEZ,France,17
473,Nicolas FARCY,Belgium,17
474,Atsushi SHIMIZU,Japan,17
475,Isaac ESTEVEZ,Ecuador,17
476,Makoto YAMAUCHI,Japan,17
477,Naoki SHIMATANI,Japan,17
478,Martin JECH,Czechia,17
479,Simon UNGER,Germany,17
480,Penghui LIN,China,17
481,Hei-yeung LAM,"China, Hong Kong Special Administrative Region",17
482,Wan Tong LOK (Current),"China, Macao Special Administrative Region",17
483,Yongsu LEE (Current),Republic of Korea,17
484,Darius RÂPĂ (Current),Romania,17
485,Junzhe HU (Current),China,17
486,Ties VANCRAEYNEST (Current),Belgium,16
487,Hugo PARMENTIER (Current),France,16
488,Mathieu GALLOT-LAVALLEE,France,16
489,Donato LELLA,Italy,16
490,Takaaki TSUIKI,Japan,16
491,Ivaylo KRASTEV,Bulgaria,16
492,Antoine GIRARD (Current),France,16
493,Luc DAURES,France,16
494,Thomas ACHERMANN,Switzerland,16
495,Alexandre CHAOULSKY,Russia,16
496,Ivan SHYSHKOVSKYY,Ukraine,16
497,Romain PAGNOUX,France,16
498,Fredrik SERLACHIUS,Sweden,16
499,Sergei SKORODUMOV,Russia,16
500,Christopher COSSER (Current),South Africa,16
501,Michael FINN-HENRY,Canada,16
502,Michael FINN-HENRY,United States of America,16
503,Jakub ZIETEK (Current),Poland,16
504,Christian WAGNER (Current),Chile,16
505,Vladislav SHEVCHENKO (Current),Russia,16
506,Zento MURASHITA (Current),Japan,16
507,Remi SAMYN,France,16
508,Salah BOULBAHAIEM,Belgium,16
509,Daniel WOODS,United States of America,16
510,Joackym RAMSAMY,France,16
511,Josh LARSON,United States of America,16
512,Naoto HAKAMADA,Japan,16
513,Kevin HUSER,Switzerland,16
514,Diego LEQUERICA BUSCAGLIA (Current),Peru,16
515,Long CAO (Current),China,16
516,Jinbao LONG (Current),China,16
517,Liang ZHANG (Current),China,16
518,Yongchen CHEN (Current),China,16
519,Lasse VON FREIER (Current),Germany,16
520,Mateus RODRIGUES BELLOTTO (Current),Brazil,16
521,Raharjati NURSAMSA (Current),Indonesia,16
522,Timo UZNIK (Current),Austria,16
523,Hugo HOYER (Current),United States of America,16
524,Dayan AKHTAR (Current),United Kingdom,16
525,Damir TOKTAROV (Current),Kazakhstan,16
526,Neo SUZUKI (Current),Japan,16
527,Chih-En FAN (Current),Taiwan,16
528,Tony RYAN,United Kingdom,15
529,Anton PACEK,Slovakia,15
530,Fabien MAZUER,France,15
531,Florian HAGE,Germany,15
532,Vincent DE GIROLAMO,France,15
533,Yannick LEGRAND,France,15
534,Sergei SHAFEROV,Belarus,15
535,Geva LEVIN (Current),Israel,15
536,Axel LINDFORS (Current),Finland,15
537,Baptiste OMETZ,Switzerland,15
538,Hossein FAMILROHANI (Current),Iran (Islamic Republic of),15
539,Christoph SCHWEIGER,Germany,15
540,Theis lindegren ELFENBEIN,Denmark,15
541,Jun YASUKAWA (Current),Japan,15
542,Joshua BRUYNS (Current),South Africa,15
543,Rok KLANCNIK,Slovenia,15
544,Matej SVUB,Slovakia,15
545,Michel SIROTTI,Italy,15
546,Yoann LE COUSTER,France,15
547,Jakub GLOWKA,Poland,15
548,Piotr BUNSCH,Poland,15
549,Rafal HALASA,Poland,15
550,Sungjoon CHAE (Current),Republic of Korea,15
551,Eric SETHNA,Canada,15
552,Quentin NAMBOT,France,15
553,Shinichiro NOMURA,Japan,15
554,Zhiyong OU,China,15
555,Danny VALENCIA,Ecuador,15
556,Benjamin AYALA,Chile,15
557,Fatchur ROJI,Indonesia,15
558,Jules MARCHALAND (Current),France,15
559,Jinbin HUANG (Current),China,15
560,Kibeom KWON (Current),Republic of Korea,15
561,Auswin AUEAREECHIT (Current),Thailand,15
562,Jan STIPEK (Current),Czechia,15
563,Guido KÖSTERMEYER,Germany,14
564,Jae-yong LEE,Republic of Korea,14
565,Gyula JUHASZ,Hungary,14
566,Ionel ENE,Romania,14
567,Vladislav BARANOV,Russia,14
568,Arnaud CEINTRE,France,14
569,Alexei GADEEV,Russia,14
570,Yohann DARD,France,14
571,André BEREZOSKI,Brazil,14
572,Ka-wai CHU,"China, Hong Kong Special Administrative Region",14
573,Nimród Sebestyén TUSNÁDY  (Current),Hungary,14
574,Leto CAVÉ,Netherlands,14
575,Beknur ALTYNBEKOV (Current),Kazakhstan,14
576,Paul BRAND (Current),Netherlands,14
577,Filip BABICZ,Italy,14
578,Filip BABICZ,Poland,14
579,Fabrizio DROETTO,Italy,14
580,Remy BERGASSE,France,14
581,Nalle HUKKATAIVAL,Finland,14
582,Masatoshi SUGITA,Japan,14
583,Felipe CAMARGO,Brazil,14
584,Ning ZHANG,China,14
585,Sungbo SEO (Current),Republic of Korea,14
586,Hongil KIM,Republic of Korea,14
587,Viacheslav VEDENCHUK,Russia,14
588,Hiroto SHIMIZU (Current),Japan,14
589,Stefano CARNATI,Italy,14
590,Zach RICHARDSON (Current),Canada,14
591,Rei KAWAMATA (Current),Japan,14
592,Cheuk-Nam WONG (Current),"China, Hong Kong Special Administrative Region",14
593,Raffael GRUBER (Current),Austria,14
594,Qun Tao KE (Current),Malaysia,14
595,Faycal NATECH,France,13
596,Malcolm SMITH,United Kingdom,13
597,Yves PHILIPONA,Switzerland,13
598,Jean luc DANIS,France,13
599,Lukasz MÜLLER,Poland,13
600,Hiroshi OKANO,Japan,13
601,Sylvain CHAPELLE,France,13
602,Dan ARCHAMBAULT,Canada,13
603,Jakub HLAVACEK,Czechia,13
604,Andreas PFANNER,Austria,13
605,David GISLER,Switzerland,13
606,Roman FELIX,Switzerland,13
607,Martin MOBRÅTEN,Norway,13
608,Bruno MACIAS MATUTANO,Spain,13
609,Rongwu CAO,China,13
610,Adrian BAXTER,United Kingdom,13
611,Alexei ZEMSKI,Russia,13
612,Cody ROTH,United States of America,13
613,Louis GUNDOLF,Austria,13
614,Alex WATERHOUSE,United Kingdom,13
615,Roman SIVAKOV (Current),Lithuania,13
616,Lawrence BOGESCHDORFER (Current),Austria,13
617,Aspar ASPAR (Current),Indonesia,13
618,Xiangyang YE,China,13
619,Anthony SAPEY,Switzerland,13
620,Vasily KOZLOV,Russia,13
621,Aleksei PORTSEV,Russia,13
622,Erik CARLSSON,Sweden,13
623,Markus JUNG,Germany,13
624,Thomas FARRELL,Australia,13
625,Gabor SZEKELY,Hungary,13
626,Zufar NIGMANOV,Russia,13
627,Tatsumi NITTA,Japan,13
628,Vilimantas PETRASIUNAS,Lithuania,13
629,Anton JOHANSONN,Finland,13
630,Austin GEIMAN,United States of America,13
631,Maël BONZOM,France,13
632,Yiftach KUSHNIR,Israel,13
633,Obed HARDMEIER,Switzerland,13
634,Dichong HUANG,China,13
635,Hritik MARNE,India,13
636,Euncheol SHIN (Current),Republic of Korea,13
637,Hryhorii ILCHYSHYN (Current),Ukraine,13
638,Shouhong CHU (Current),China,13
639,Ben JENNINGS (Current),United States of America,13
640,Jacky GODOFFE,France,12
641,Didier RABOUTOU,France,12
642,Stefan GLOWACZ,Germany,12
643,Nicola SARTORI,Italy,12
644,Johan MUS,Belgium,12
645,Vladimir NETSVETAEV-DOLGALEV,Russia,12
646,Pascal GISLER,Switzerland,12
647,Alexander MEIKL,Austria,12
648,Diego martín MARSELLA,Argentina,12
649,Dmytro KONOVALOV,Ukraine,12
650,Tomas PLEVKO,Slovakia,12
651,Nickolaie RIVADENEIRA,Ecuador,12
652,Aurélien CULVER,France,12
653,Stanislav KLESHNOV,Ukraine,12
654,Nestor CARVAJAL,Venezuela (Bolivarian Republic of),12
655,Alexey MOLCHANOV,Kazakhstan,12
656,Ondrej NEVELIK,Czechia,12
657,Andre DIFELICE,Canada,12
658,Anton MARDASHOV,Ukraine,12
659,Aleksei SHCHERVIANIN,Russia,12
660,Lincai ZHONG,China,12
661,Ciarán SCANLON (Current),Ireland,12
662,Hidemasa NISHIDA,Japan,12
663,Ronny ESCOBAR,Chile,12
664,Peng WU (Current),China,12
665,Dylan LE (Current),Canada,12
666,Minsu KANG (Current),Republic of Korea,12
667,Valentin STERNIK (Current),Argentina,12
668,Dillon COUNTRYMAN (Current),United States of America,12
669,Yunchan SONG (Current),Republic of Korea,12
670,Xinshang WANG (Current),China,12
671,Lovro CREP (Current),Slovenia,12
672,Aodhan UMLAUF (Current),Germany,12
673,Jinwei YAO (Current),China,12
674,Jérôme MOREL (Current),France,12
675,Lucas TRANDAFIR (Current),Germany,12
676,Lukas MOKROLUSKY (Current),Czechia,12
677,Felix MADER (Current),Austria,12
678,Jim KARN,United States of America,11
679,Ben MOON,United Kingdom,11
680,Werner THON,Germany,11
681,Scott FRANKLIN,United States of America,11
682,Michael LEA,United Kingdom,11
683,Davide ZAVAGNIN,Italy,11
684,Damien JEANDENAND,France,11
685,Matthias SCHMIDL,Italy,11
686,Cédric LO PICCOLO,France,11
687,Stanislav POPLAVSKIY,Russia,11
688,Marcin WSZOLEK,Poland,11
689,Theodoros KONSTANTAKOPOULOS,Greece,11
690,Matthaios VALSAMIDIS (Current),Greece,11
691,Matic KOTAR (Current),Slovenia,11
692,Dylan CHUAT,Switzerland,11
693,Quinn O'FRANCIA,United States of America,11
694,Matthew COUSINS,United Kingdom,11
695,Merritt ERNSBERGER (Current),United States of America,11
696,Julian WIMMER (Current),Austria,11
697,Or MINIELY,Israel,11
698,Zainal ARIPIN,Indonesia,11
699,André NERES,Portugal,11
700,Marc EDWARDS,Australia,11
701,Luyuan CAI,China,11
702,Jiri SVACHA,Czechia,11
703,Thomas SCHMID,Switzerland,11
704,Timo TAK,Netherlands,11
705,Daniel MORENO DE LOS HUERTO,Spain,11
706,John BOWLES,Canada,11
707,Rafet serkan ERCAN,Turkey,11
708,Nicola DE MATTIA,Italy,11
709,Baptiste NOMINE,France,11
710,Daisuke KONISHI,Japan,11
711,Alexander KALINA,Russia,11
712,Christian FEISTMANTL,Austria,11
713,Carlo TRAVERSI,United States of America,11
714,Oleksiy YURKO,Ukraine,11
715,Diego luis GONZÁLEZ,Mexico,11
716,Daniel ANDERSSON,Sweden,11
717,Hans BUSKER,Netherlands,11
718,Silvio REFFO,Italy,11
719,Masaki SHIBATA,Japan,11
720,Ryuichi MURAI,Japan,11
721,Sergej EPIH,Slovenia,11
722,Yulianto ABUDZAR,Indonesia,11
723,Stanislao ZAMA,Italy,11
724,Georgy ARTAMONOV,Russia,11
725,Lukas GEUKENS,Belgium,11
726,Orrin COLEY,United Kingdom,11
727,Amir NOURI,Iran (Islamic Republic of),11
728,Michal LEWICKI,Poland,11
729,Max PRINZ,Germany,11
730,Martin KUHNEL,United States of America,11
731,Kristoffer LINDBÄCK,Sweden,11
732,Alexey PANFILOV (Current),Kazakhstan,11
733,Jinxin LI,China,11
734,Yudai IKEDA,Japan,11
735,Andrew GOODALL (Current),United Kingdom,11
736,Rahmad ADI MULYONO (Current),Indonesia,11
737,Thor VILLEGAS GARCÍA (Current),Mexico,11
738,Nicolò SARTIRANA (Current),Italy,11
739,Andreas HOFHERR (Current),Austria,11
740,Pedro EGG (Current),Brazil,11
741,Thorben Perry BLOEM (Current),Germany,11
742,Rhys CONLON (Current),United Kingdom,11
743,Matthew RODRIGUEZ (Current),Canada,11
744,Jinyong JO (Current),Republic of Korea,11
745,Victor GUILLERMIN (Current),France,11
746,Sergey LAKHNO (Current),United States of America,11
747,Jie YANG (Current),China,11
748,Alistair DUVAL,France,10
749,Jean CABARET,France,10
750,Günther UNTERRAINER,Austria,10
751,Phillipe MUSSATTO,France,10
752,Alexandr PAUKAEV,Ukraine,10
753,Hee-jo KIM,Republic of Korea,10
754,Kyu-bog CHO,Republic of Korea,10
755,Dmitrii BYCHKOV,Russia,10
756,Dai KOYAMADA,Japan,10
757,Jeroen JONGENEELEN,Netherlands,10
758,Olivier LEBRETON,France,10
759,Said BELHAJ,Sweden,10
760,Raphaël LACHAT,Switzerland,10
761,Diego LAMPUGNANI,Switzerland,10
762,Oleksandr SALIMOV,Ukraine,10
763,Tamás FARKAS (Current),Hungary,10
764,Roman BATSENKO,Ukraine,10
765,Fabian FÖRANDER,Sweden,10
766,Vojtech TROJAN,Czechia,10
767,Stepan VOLF,Czechia,10
768,Minyoung LEE,Republic of Korea,10
769,Timotej ROMŠAK (Current),Slovenia,10
770,Mikhail PEKAREV,Russia,10
771,Valeriy VOROBYEV,Russia,10
772,Anatoly SKRIPOV,Russia,10
773,Pierre DUROCHE,France,10
774,Blagovest LAZAROV,Bulgaria,10
775,Yeu-shiang CHANG,Taiwan,10
776,Ignasi TARRAZONA GASQUE,Spain,10
777,Jj MAH,Canada,10
778,Mikhail KOCHETKOV,Russia,10
779,Truong NGO,Netherlands,10
780,Seolbin SIM,Republic of Korea,10
781,Pedro ferreira NICOLOSO,Brazil,10
782,Changfeng QU,China,10
783,Sin-Fai HO,"China, Hong Kong Special Administrative Region",10
784,Robert STEWART-PATTERSON,Canada,10
785,Reza KOLASANGIAN,Iran (Islamic Republic of),10
786,Shinyeong YUN (Current),Republic of Korea,10
787,Jungju KIM,Republic of Korea,10
788,Sergei BYDTAEV,Russia,10
789,Pol ROCA LOPEZ,Spain,10
790,Jerome GONZÁLEZ GUTIÉRREZ,Spain,10
791,Àlex HERNÁNDEZ CASTILLA,Spain,10
792,Sabri SABRI,Indonesia,10
793,Pangeran SEPTO WIBOWO SIBURIAN,Indonesia,10
794,Aidan ROBERTS,United Kingdom,10
795,Seungbeom LEE,Republic of Korea,10
796,Kindar MCNAMEE (Current),Canada,10
797,Muhammad RIZKY SYAHRAFLI SIMATUPANG (Current),Indonesia,10
798,Oskar SZALECKI (Current),Poland,10
799,Putra TRI RAMADANI (Current),Indonesia,10
800,Ritsu KAYOTANI (Current),Japan,10
801,Motonori TABUCHI (Current),Japan,10
802,Jongbin CHOI (Current),Republic of Korea,10
803,Jair Octavio MORENO MONTOYA (Current),Mexico,10
804,Samuel RICHARD (Current),France,10
805,Michael HOM (Current),United States of America,10
806,Luke TURNER (Current),United Kingdom,10
807,Antasyafi ROBBY AL HILMI (Current),Indonesia,10
808,Vail EVERETT (Current),United States of America,10
809,Philippe STEULET,Switzerland,9
810,Dave CUTHBERTSON,United Kingdom,9
811,Tadej SLABE,Slovenia,9
812,Serge BLEIN,France,9
813,Alexander ADLER,Germany,9
814,Johnny SCHELKER,Switzerland,9
815,John ARRAN,United Kingdom,9
816,Igor KOLLAR,Slovakia,9
817,Jacek JURKOWSKI,Poland,9
818,Chris SHARMA,United States of America,9
819,Tomi NYTORP,Finland,9
820,Luigi BILLORO,Italy,9
821,Anthony LAMICHE,France,9
822,David STEPANJAN,Slovenia,9
823,Dennis TEIJSSE,Netherlands,9
824,Elliot BLOCH,United States of America,9
825,Matteo GAMBARO,Italy,9
826,Alexandre SERGEYEV (LIACHENKO),Russia,9
827,Mikhail UMNITSYN,Russia,9
828,Tom SUGDEN,United Kingdom,9
829,Jiri PRIBIL,Czechia,9
830,Roddy MACKENZIE,United Kingdom,9
831,Hafzanizam BOKHARI,Malaysia,9
832,Evgueni MINATCHEV,Russia,9
833,Anderson GOUVEIA,Brazil,9
834,Daniel JUNG,Germany,9
835,Xiaojie CHEN,China,9
836,Philipp GEISENHOFF,Switzerland,9
837,Charles BARRON (Current),United States of America,9
838,Gergő VÁLYI (Current),Hungary,9
839,Yotam BEN REUVEN,Israel,9
840,Alessandro CINGARI,Italy,9
841,Lev RUDATSKIY,Russia,9
842,Taito NAKAGAMI,Japan,9
843,Alessandro GANDOLFO,Italy,9
844,Changzhong LIU,China,9
845,Ben WEST,United Kingdom,9
846,Michael TIMMERMANS,Belgium,9
847,Felix NEUMÄRKER,Germany,9
848,Kornelius OBLEITNER,Austria,9
849,Manuel CORETTI,Italy,9
850,Claudiu MIU,Romania,9
851,Jinyu PAN,China,9
852,Yuriy DZYUBYAK,Ukraine,9
853,Jurgen LIS,Belgium,9
854,Anatole BOSIO,France,9
855,Nikita DEVYATERIKOV,Kazakhstan,9
856,Ivan NOVIKOV,Russia,9
857,Eirik birkelund OLSEN,Norway,9
858,Niccolo' CERIA,Italy,9
859,Geir SÖDERIN,Sweden,9
860,Ian DORY,United States of America,9
861,Michael O'ROURKE,United States of America,9
862,Marco MÜLLER,Switzerland,9
863,Jean OURIQUES,Brazil,9
864,Lasa TEMI,Indonesia,9
865,Joonha SHIN (Current),Republic of Korea,9
866,Hinayah MUHAMMAD,Indonesia,9
867,Artem KHABIBULLIN,Russia,9
868,Sungsu LEE,Republic of Korea,9
869,Rafe STOKES (Current),United Kingdom,9
870,Rafe STOKES (Current),United States of America,9
871,Tuukka SIMONEN (Current),Finland,9
872,Minsung HAN,Republic of Korea,9
873,Calrin CURTIS (Current),South Africa,9
874,Dimitri FLICK (Current),Switzerland,9
875,Daiki SANO (Current),Japan,9
876,Andrés ALENCASTER (Current),Mexico,9
877,Ido FIDEL (Current),Israel,9
878,Marceau GARNIER (Current),France,9
879,Dingfeng ZHANG (Current),China,9
880,Ali SALIMIAN (Current),Iran (Islamic Republic of),9
881,Corentin LAPORTE (Current),Belgium,9
882,Oren PRIHED (Current),Israel,9
883,Hugo DORVAL (Current),Canada,9
884,Matteo REUSA (Current),Italy,9
885,Diego FOURBET,France,8
886,Sven LEMPEREUR,Belgium,8
887,Ziga ZAJC,Slovenia,8
888,Robert CORTIJO,France,8
889,Yann GHESQUIERS,France,8
890,Erik JACOBS,Netherlands,8
891,Vladimir JOURKIN,Russia,8
892,Bernabe FERNANDEZ,Spain,8
893,Oleg TCHERECHNEV,Russia,8
894,Stefan BÖSCHENSTEIN,Switzerland,8
895,Samuel BIE,France,8
896,Andrei KRIVONOS,Ukraine,8
897,Robert MATE,Germany,8
898,Hans MILEWSKI,Austria,8
899,Frédéric NOE,France,8
900,Matthias TROTTMANN,Switzerland,8
901,Marko ROZMAN,Croatia,8
902,Lucio GIUDICI,Italy,8
903,Benjamin FELGEROLLE,France,8
904,Arpad CSEKO,Hungary,8
905,Jean baptiste JOURJON,France,8
906,Jan fredrick PRYTZ,Norway,8
907,Stian CHRISTOPHERSEN,Norway,8
908,Sören ANDERSEN,Denmark,8
909,Chris GRAHAM,United Kingdom,8
910,Georgos PROGULAKIS,Italy,8
911,Roy MOSLEY,United Kingdom,8
912,Mohammad JAFARI MAHMOUDABADI,Iran (Islamic Republic of),8
913,Christoph HUBER,Austria,8
914,Emil ABRAHAMSSON,Sweden,8
915,Leonid OSADCHYI,Ukraine,8
916,Don VAN LAERE,Netherlands,8
917,Yuta IMAIZUMI (Current),Japan,8
918,Darren SKOLNIK,United States of America,8
919,Ellis ERNSBERGER,United States of America,8
920,Johannes HOFHERR (Current),Austria,8
921,Timothy KANG,United States of America,8
922,Sean FAULKNER,Canada,8
923,Leo ketil BØE,Norway,8
924,Konstantin SAVELYEV,Russia,8
925,Tobias GARTMANN,Germany,8
926,Matthieu THOMASSIN,France,8
927,Rasmus NORGAARD,Denmark,8
928,Jérôme DE BOECK,Belgium,8
929,Ethan PRINGLE,United States of America,8
930,Roman VAN DER WERF,Netherlands,8
931,Sergii KARPIN,Ukraine,8
932,Alexander SHOPRIN,Russia,8
933,Jan CHVALA,Czechia,8
934,Gabriel JOSSERON,France,8
935,Pavlo VEKLA,Ukraine,8
936,Kevin AGLAE,France,8
937,Dustin CURTIS,Canada,8
938,Jacopo LARCHER,Italy,8
939,Adam JEEWOOTH,United Kingdom,8
940,Nikola PETROV,Bulgaria,8
941,Artem PETRAKOV,Russia,8
942,James GARDEN,United Kingdom,8
943,Yuhang ZHANG,China,8
944,Pascal GAGNEUX,France,8
945,Andrew ZHIGAREV,Ukraine,8
946,Vasya VOROTNIKOV,United States of America,8
947,Vlas GAVRILOV,Russia,8
948,Winai RUANGRIT,Thailand,8
949,Ayodele SOPEJU,Canada,8
950,Anton POLIAKOV,Russia,8
951,Joel ZERR,United States of America,8
952,Kenneth ELVEGÅRD,Norway,8
953,Kaya OTAKA,Japan,8
954,Matthew WELLINGTON,Canada,8
955,Zhaxi BIANBA,China,8
956,Bittor ESPARTA FRADE,Spain,8
957,Liam HEALY,Australia,8
958,Galo HERNANDEZ,Ecuador,8
959,Romaric GEFFROY,France,8
960,George SANDERS,New Zealand,8
961,Emilio RIOS,Chile,8
962,Kento YAMAGUCHI (Current),Japan,8
963,Musauwir MUSAUWIR (Current),Indonesia,8
964,Marius PAYET GABORIAUD (Current),France,8
965,Aphiwit LIMPANICHPAKDEE (Current),Thailand,8
966,Gabriel CANCEL (Current),Ecuador,8
967,Gabriel CANCEL (Current),France,8
968,Maxim PARE (Current),Australia,8
969,Kenu PUERTA WONG (Current),Peru,8
970,Thomas LEMAGNER (Current),France,8
971,Tim WÜRTHNER (Current),Germany,8
972,Călin ENACHE (Current),Romania,8
973,Albin MEYER (Current),Sweden,8
974,Dongjun KIM (Current),Republic of Korea,8
975,Tomás ARCE (Current),Colombia,8
976,Adi BARK (Current),Israel,8
977,Younès AUBERT MASMOUDI (Current),France,8
978,Stepan POTUCEK,Czechia,7
979,Simon NADIN,United Kingdom,7
980,Andrea GALLO,Italy,7
981,Jindrich HUDECEK,Czechia,7
982,Mark DELAFIELD,United Kingdom,7
983,Glenn SUTCLIFFE,United Kingdom,7
984,Kurt DE BOECK,Belgium,7
985,Andrzej MARCISZ,Poland,7
986,Michael FADINGER,Austria,7
987,Michal CIENCALA,Czechia,7
988,Dong-sik KIM,Republic of Korea,7
989,Benedikt HAAGER,Germany,7
990,Julien GRAS,France,7
991,Martin DECKER,Germany,7
992,Daniil KOZMINE,Russia,7
993,Martin SMITH,United Kingdom,7
994,Alexander WALLER (Current),United States of America,7
995,Palmer LARSEN,United States of America,7
996,Pietro BIAGINI (Current),Italy,7
997,Orfeas TSIAOUSIS (Current),Greece,7
998,Bohdan BOTNAR,Ukraine,7
999,Paolo LEONCINI,Italy,7
1000,Didier HOARAU,France,7
1001,Guangpu LI,China,7
1002,Wanne LIBOT,Belgium,7
1003,Tomas GREKSAK,Slovakia,7
1004,Jakub KOVACIK,Slovakia,7
1005,Hiroki TSUNODA,Japan,7
1006,Jesse VAN DER WERF,Netherlands,7
1007,Josmar NIEVES,Venezuela (Bolivarian Republic of),7
1008,Sergey TERENTYEV,Russia,7
1009,Izidor ZUPAN,Slovenia,7
1010,Michiel NIEUWENHUIJSEN,Netherlands,7
1011,Máté GÁL,Hungary,7
1012,Artem SAVELYEV,Russia,7
1013,Evgeny ASTASHKIN,Russia,7
1014,Chase GATLAND,New Zealand,7
1015,Robert RUNDIN,Sweden,7
1016,Siu-hei TANG,"China, Hong Kong Special Administrative Region",7
1017,Tom NEWMAN,United Kingdom,7
1018,Andrea ZANONE,Italy,7
1019,Borna CUJIC,Croatia,7
1020,Tanguy TOPIN,France,7
1021,Antoine KAUFFMANN,Belgium,7
1022,Kyle MURDOCH,Canada,7
1023,Giorgio BENDAZZOLI,Italy,7
1024,Morteza MOHAMMADI,Iran (Islamic Republic of),7
1025,Piotr SCHAB,Poland,7
1026,Ilari juho KELLONIEMI,Finland,7
1027,Sufriyanto RINDI,Indonesia,7
1028,Zhixuan CHEN,China,7
1029,Oliver MARX,South Africa,7
1030,Cristian DORIGATTI,Italy,7
1031,Nicolas PELORSON,France,7
1032,Kaito WATANABE,Japan,7
1033,Aiden DUNNE (Current),United Kingdom,7
1034,Szymon PECIKIEWICZ,Poland,7
1035,Sergey RUKIN,Russia,7
1036,Chua DENNIS (Current),Singapore,7
1037,Mark CHAN CHONG KIAT,Singapore,7
1038,Mel JANSE VAN RENSBURG (Current),South Africa,7
1039,ODE RIFALDI RIDJAYA,Indonesia,7
1040,Dmitrii FAKIRYANOV,Russia,7
1041,Thomas WALDIN,New Zealand,7
1042,Matthew FALL (Current),United Kingdom,7
1043,Radin FOROUGHIAN (Current),Iran (Islamic Republic of),7
1044,José Alejandro SAUCEDA RODRÍGUEZ (Current),Mexico,7
1045,Mark SCANLON (Current),Ireland,7
1046,Tsz-kiu LAU,"China, Hong Kong Special Administrative Region",7
1047,Mathieu TERNANT,France,7
1048,Ioannis-Filippos NOEL-BAKER (Current),Greece,7
1049,Man-hei CHUNG,"China, Hong Kong Special Administrative Region",7
1050,Minhui WANG,China,7
1051,Flynn CHISHOLM (Current),New Zealand,7
1052,Aditya TRI SYAHRIA (Current),Indonesia,7
1053,Deepu MALLESH (Current),India,7
1054,Hayden BARTON (Current),Australia,7
1055,Aidan GODDARD (Current),United States of America,7
1056,Lautaro nicolás SORIA SANCHEZ,Argentina,7
1057,Jordi POLES (Current),France,7
1058,Luca BOLDRINI (Current),Italy,7
1059,Gorazd JUREKOVIC (Current),Slovenia,7
1060,Jingjie HUANG (Current),China,7
1061,Ned JOHNSTON (Current),New Zealand,7
1062,Yejun CHON (Current),Republic of Korea,7
1063,Samuel Carlos DA SILVA (Current),Brazil,7
1064,Alexandru-Florian ZAHARIA (Current),Romania,7
1065,Chon Hou LEI (Current),"China, Macao Special Administrative Region",7
1066,Dante CABALLERO (Current),Chile,7
1067,Nasser ABU ERGEEB (Current),Kuwait,7
1068,Zechuan SHI (Current),China,7
1069,Yongzhi LING (Current),China,7
1070,Alejo SUTER (Current),Argentina,7
1071,Miguel GÓMEZ BARRIOS (Current),Spain,7
1072,Pierre MARZULLO (Current),France,7
1073,Riccardo VICENTINI (Current),Italy,7
1074,Tsukika ONISHI (Current),Japan,7
1075,Carlos BRASCOE,Spain,6
1076,Hannes RIESER,Austria,6
1077,Marc IVORRA,France,6
1078,Josef SCHWAIGER,Austria,6
1079,Will GADD,Canada,6
1080,Stefan ADRIAN,Romania,6
1081,Kevin WILSON,Canada,6
1082,Chi-wai LOK,"China, Hong Kong Special Administrative Region",6
1083,Mark BAKER,Australia,6
1084,Nick SELLARS,United Kingdom,6
1085,Jaroslav MLYNAR,Czechia,6
1086,Baptiste BRIAND,France,6
1087,Rafael CABANE,France,6
1088,David CARRETERO PEREZ,Spain,6
1089,Aristomenes THANOPOULOS,Greece,6
1090,Thomas FEUERSTEIN,Austria,6
1091,Adam LIANA,Poland,6
1092,Fernando MARTINEZ,Spain,6
1093,Juha SAATSI,Finland,6
1094,Myong-hak KIM,Republic of Korea,6
1095,Jimmy AUNET,France,6
1096,Enrico SANGANAS,Germany,6
1097,Dirk MOL,Netherlands,6
1098,Petro MARKEVYCH,Ukraine,6
1099,Benoît FOUBERT,France,6
1100,Yannick BERGER,France,6
1101,Ivan LISICA,Croatia,6
1102,Guy DIXON,United Kingdom,6
1103,Atsushi SAGA,Japan,6
1104,Valeri FERADZE,Georgia,6
1105,Lei ZHAO,China,6
1106,Christian SORDO,Italy,6
1107,Attila BARTHA,Hungary,6
1108,Alejandro CRESPO COBOS,Spain,6
1109,Frederik VIBERG CHRISTIANSEN,Denmark,6
1110,Daniel UNGUREANU,Romania,6
1111,Kyrylo SHEVCHENKO,Ukraine,6
1112,Nicolas FAVRESSE,Belgium,6
1113,Matevz PINTAR,Slovenia,6
1114,Johan GROSS,Sweden,6
1115,Mario KUESS,Austria,6
1116,Khairul hafiz ABU HASSAN,Malaysia,6
1117,Florent SAMYN,France,6
1118,Denis ZHENDINSKIY,Kazakhstan,6
1119,Amri AMRI,Indonesia,6
1120,Bastien GLAIRON MONDET,France,6
1121,Miguel angel HERNANDEZ MEDINA,Mexico,6
1122,Sébastien VALRAN,France,6
1123,Alexandr NIKOLAEV,Russia,6
1124,Fabrice LANDRY,France,6
1125,Philippe ALLENSPACH,Switzerland,6
1126,Erik GRANDELIUS,Sweden,6
1127,Rudi MORODER,Italy,6
1128,Reinaldo CAMACHO,Venezuela (Bolivarian Republic of),6
1129,Robert D'ANASTASIO,United States of America,6
1130,Gianluca SIROTTI,Italy,6
1131,Andrey SHAGIN,Russia,6
1132,Daisuke KASAHARA,Japan,6
1133,Jakob heber NORUM,Norway,6
1134,Thattana RAKSACHAT,Thailand,6
1135,Volodymyr ZINCHENKO,Ukraine,6
1136,Sandeep MAITY,India,6
1137,Clement VERNAISON,France,6
1138,Andrew LAMB,United States of America,6
1139,Hyunjae KIM,Republic of Korea,6
1140,Tomasz SORDYL,Poland,6
1141,Remo LEHMANN,Switzerland,6
1142,Roman KUCERA,Czechia,6
1143,Rolf -martin BJØRNGAARD,Norway,6
1144,Danila YAMCHUK,Latvia,6
1145,Chun-hsiang WANG,Taiwan,6
1146,Yurong DUAN,China,6
1147,Alessandro PALMA,Italy,6
1148,Viktor TRPOVSKI (Current),The former Yugoslav Republic of Macedonia,6
1149,Alistair EARLEY,Australia,6
1150,Tsun-ting IP,"China, Hong Kong Special Administrative Region",6
1151,Alimzhan MYRZABEKOV,Kazakhstan,6
1152,Sam LAVENDER,Australia,6
1153,Chia Hsiang LIN (Current),Taiwan,6
1154,Richard LI,United States of America,6
1155,Louis GUIGNARD (Current),Switzerland,6
1156,Taeung MOON,Republic of Korea,6
1157,Ilja AUERSPERG (Current),Austria,6
1158,Michail VOLYRAKIS (Current),Greece,6
1159,Lucas DUFROS (Current),France,6
1160,Matvey YESSIPOV (Current),Kazakhstan,6
1161,Chingkheinganba MAIBAM,India,6
1162,Zhandos KALIBAY (Current),Kazakhstan,6
1163,Milad ALIPOURSHENAZANDIFARD (Current),Iran (Islamic Republic of),6
1164,Toivo ELORANTA (Current),Finland,6
1165,Bautista GREGORINI,Argentina,6
1166,Ziqi XU (Current),China,6
1167,Carlos Felipe GRANJA LOPEZ (Current),Ecuador,6
1168,Nathan SATO (Current),United States of America,6
1169,Bharath PEREIRA (Current),India,6
1170,Azat MAIKOTOV (Current),Kazakhstan,6
1171,Jack BURNINGHAM (Current),South Africa,6
1172,Xuanpu BAI (Current),China,6
1173,Niccolò Antony SALVATORE (Current),Italy,6
1174,Joshua GERHARDT (Current),United States of America,6
1175,Xu LI (Current),China,6
1176,Davi CARVALHO PERES (Current),Brazil,6
1177,Juan Sebastian SANCHEZ MARTIN (Current),Colombia,6
1178,Hugo MARTÍN ÁLVAREZ (Current),Spain,6
1179,Andrin ZEDLER (Current),Germany,6
1180,Tomer YAKOBOVITCH (Current),Israel,6
1181,Jerry MOFFATT,United Kingdom,5
1182,Hira VERICK,Australia,5
1183,Kelly WILSON,Canada,5
1184,Jung-jun SON,Republic of Korea,5
1185,Keiichi USHIZAWA,Japan,5
1186,Scott MILTON,Canada,5
1187,Lionel CLAY,New Zealand,5
1188,Christian SCHLESENER,Germany,5
1189,Christian ROUMEGOUX,France,5
1190,Metin MUSSOV,Bulgaria,5
1191,Garth MILLER,Australia,5
1192,Ilfir KHAKIMIANOV,Russia,5
1193,Massimo BRUSEGHINI,Italy,5
1194,Jan KARES,Czechia,5
1195,Damien JANDENAND,France,5
1196,Alexei KOZLOV,Russia,5
1197,Maxi KLAUS,Germany,5
1198,Nicolas PINIER,France,5
1199,Roberto FIORAVANTI,Italy,5
1200,Clément CHABAUD,France,5
1201,Marian GEORGIEV,Bulgaria,5
1202,Miklos KOVACS,Hungary,5
1203,Benoit SABTHIER,France,5
1204,Romain CABESSUT,France,5
1205,Jonathan PHILIPPE,France,5
1206,Radim NOSEK,Czechia,5
1207,Stuart LITTLEFAIR,United Kingdom,5
1208,Johannes LAU,Germany,5
1209,Steve MC CLURE,United Kingdom,5
1210,Martin IDEGREN,Sweden,5
1211,Yen-yi WU,Taiwan,5
1212,Manuel BRUNN,Germany,5
1213,"Kien seong, francis LOW",Malaysia,5
1214,Denis CHARAFOUTDINOV,Russia,5
1215,Nurrahman ROSYID,Indonesia,5
1216,Roberto COLONETTI,Italy,5
1217,Géraud FANGUIN,France,5
1218,Soso KATSITADZE,Georgia,5
1219,Alexander KHOPKO,Russia,5
1220,Matthew SEGAL,United States of America,5
1221,Attila zsombor RADICS,Hungary,5
1222,Rosen RUEV,Bulgaria,5
1223,Soma STROMMER,Hungary,5
1224,Andoni ESPARTA FRADE,Spain,5
1225,Carmel RAZ ROMEO,Israel,5
1226,Illia BAKHMET-SMOLENSKYI (Current),Ukraine,5
1227,Eneko CARRETERO CRUZ,Spain,5
1228,Hajime TAKEDA,Japan,5
1229,Anze STREMFELJ,Slovenia,5
1230,Maxim TCHERNYKH,Russia,5
1231,Stanislav LOBZOV,Russia,5
1232,Bondan KARTIKO,Indonesia,5
1233,Hetai MA,China,5
1234,José ABREU,Portugal,5
1235,Miha SKOF,Slovenia,5
1236,Ilija RISTOVSKI,The former Yugoslav Republic of Macedonia,5
1237,Grzegorz KAROLAK,Poland,5
1238,Vincent GLEMAREC,France,5
1239,Janghyuk KIM,Republic of Korea,5
1240,Thomas NEYER,Austria,5
1241,Leopoldo FARIA,Portugal,5
1242,Gregor SELICA,Slovenia,5
1243,Eduardo CARVALHO,Brazil,5
1244,Martin MAYR,Austria,5
1245,Toshiaki TAKEUCHI,Japan,5
1246,Stefan AVRAMOV,Bulgaria,5
1247,David SATANEK,Slovakia,5
1248,Ryan PASQUILL,United Kingdom,5
1249,Tom GORE,United Kingdom,5
1250,Noé BERGER,Luxembourg,5
1251,Oliver BATIR,Romania,5
1252,Catalin PETRESCU,Romania,5
1253,Alessandro FIORI,Italy,5
1254,Jovan IVANOV (Current),The former Yugoslav Republic of Macedonia,5
1255,Hamidreza TOOZANDEHJANI,Iran (Islamic Republic of),5
1256,Sakae NAKAHARA,Japan,5
1257,George MARIS,Romania,5
1258,Paul ROBINSON,United States of America,5
1259,Kyle OWEN,United States of America,5
1260,Terry PAHOLEK,Canada,5
1261,Marshal GERMAN,Canada,5
1262,Antoine VANDEPUTTE,France,5
1263,Kostiantyn PODCHESOV,Ukraine,5
1264,Vaginak SIREKANYAN,Russia,5
1265,Yaroslav TOPAL,Ukraine,5
1266,Jan HAIKO,Austria,5
1267,Yves GRAVELLE,Canada,5
1268,Joakim BERGLUND,Sweden,5
1269,Adrian MARGEA,Romania,5
1270,Alex JOHNSON,United States of America,5
1271,Andres QUINTEROS,Ecuador,5
1272,Kazutoshi OGATA,Japan,5
1273,Martino ISCHIA,Italy,5
1274,Léon GENECAND,Switzerland,5
1275,Marián ŠELIGA,Slovakia,5
1276,Esteban EGUEZ,Ecuador,5
1277,Jiun-jie TZENG,Taiwan,5
1278,Adrien TRIBOUT,France,5
1279,Ludovic LEFEVRE,France,5
1280,Donggun LEE,Republic of Korea,5
1281,Clément LECHAPTOIS,France,5
1282,Alexander WURM,Germany,5
1283,Marc EVELEIGH,Canada,5
1284,Giga JANKHOTELI,Georgia,5
1285,Nathan MICHEL,France,5
1286,Santiago SCHMIDT,Argentina,5
1287,Connor BYRNE,United Kingdom,5
1288,Övgün YILDIRIM,Turkey,5
1289,Moritz WALDLEBEN,Switzerland,5
1290,Kevin ARC,France,5
1291,Francis BILODEAU,Canada,5
1292,Shane MESSER,United States of America,5
1293,Hector LOPEZ VALDEZ,Mexico,5
1294,Seyed reza CHASHI,Iran (Islamic Republic of),5
1295,Younghyun KIM (Current),Republic of Korea,5
1296,Jakub JEDLICKA,Czechia,5
1297,Jan ZIMA,Czechia,5
1298,Yury TAKZHANOV,Russia,5
1299,Alessandro ZENI,Italy,5
1300,Will JOHNSON,Canada,5
1301,Singh ADARSH,India,5
1302,Jakub DVORAK,Czechia,5
1303,Rahul SAPRA,Canada,5
1304,Fengqi WANG,China,5
1305,Ned MIDDLEHURST,Australia,5
1306,Santiago CHRISTENSEN,Argentina,5
1307,Simon HIBBELER (Current),United States of America,5
1308,Gustavo gabriel SUAREZ MUNNE,Argentina,5
1309,Aidan DOYLE,Canada,5
1310,Ehsan ASRAR,Iran (Islamic Republic of),5
1311,Zan SUDAR LOVENJAK,Slovenia,5
1312,Paul EMMANUEL RYAN,Singapore,5
1313,Joshua DAMASCO,Australia,5
1314,Simón PADIN,Argentina,5
1315,Chia hsiang LIN,Taiwan,5
1316,Marco RONTINI (Current),Italy,5
1317,Ayumu MITA,Japan,5
1318,Muhammad ferza fernada ABDI,Indonesia,5
1319,Yann LE CLERCQ DE LANNOY,France,5
1320,Per RAVLO-CASPERSEN (Current),Norway,5
1321,Muhammad Ramzi FIRMANSYAH (Current),Indonesia,5
1322,Kazuki TANII (Current),Japan,5
1323,Leo FAVOT (Current),France,5
1324,Joseph XIBERRAS,United Kingdom,5
1325,Mikolaj WROBLEWSKI (Current),Poland,5
1326,Yu LIN (Current),China,5
1327,Kodai YAMADA (Current),Japan,5
1328,Tzu-Yu CHOU (Current),Taiwan,5
1329,Adam SHAHAR (Current),United States of America,5
1330,Seungchan CHOI (Current),Republic of Korea,5
1331,Filip MATEJIČKA (Current),Slovakia,5
1332,Max DINGER (Current),Germany,5
1333,Dragos Gabriel FLUERARU (Current),Romania,5
1334,Andrés ORTEGA FOSADO (Current),Mexico,5
1335,Levin STRAUBHAAR (Current),Switzerland,5
1336,Gabriel KERN (Current),Sweden,5
1337,Denys MOZOLEVYCH (Current),Ukraine,5
1338,Davide TORRONI (Current),Switzerland,5
1339,Gilles MEILI (Current),Switzerland,5
1340,Otto REITER (Current),Germany,5
1341,Auggie CHI (Current),United States of America,5
1342,Ernesto PLACCI (Current),Italy,5
1343,Ziyu ZHOU (Current),China,5
1344,Francesco PONZINIBIO (Current),Italy,5
1345,Davide marco COLOMBO,Italy,4
1346,Raphael CABANE,France,4
1347,Arnould T'KINT,Belgium,4
1348,Carlos GARCIA BELLO,Spain,4
1349,Zidan STANKO,Slovenia,4
1350,Carlos BRASCO,Spain,4
1351,Marcel TOMAN,Czechia,4
1352,Thomas FICKERT,Germany,4
1353,Alexander SISINTSEV,Russia,4
1354,Tomoki USAMI,Japan,4
1355,Werner HOFMANS,Belgium,4
1356,Hakon HANSEN,Norway,4
1357,Jacques WELTER,Luxembourg,4
1358,Gerhard HÖRHAGER,Austria,4
1359,Kimura SHINSUKE,Japan,4
1360,Michael SCHLOTTER,Germany,4
1361,Chris FOSSLI,Norway,4
1362,Tomas SEDLACEK,Czechia,4
1363,Mateusz KILARSKI,Poland,4
1364,Nenco DUNEV,Bulgaria,4
1365,Martin REIMERS,Norway,4
1366,Peter KMOSKO,Slovakia,4
1367,Dong-hyun KIM,Republic of Korea,4
1368,Sebastian ZASADZKI,Poland,4
1369,Janos NAGY,Hungary,4
1370,Paal benum REITEN,Norway,4
1371,Ricardo OTEGUI ZUBIYAGA,Spain,4
1372,Adrian BERRY,United Kingdom,4
1373,Zaza GURCHIANI,Georgia,4
1374,Gregorz GROCHAL,Poland,4
1375,Tomas LUNDGREN,Sweden,4
1376,Eric SCULLY,United States of America,4
1377,Primoz ZITNIK,Slovenia,4
1378,Eugeni SADOVSKI,Ukraine,4
1379,Daniele TAVOLA,Italy,4
1380,Stefan PETTERSON,Sweden,4
1381,Alexandre KOVALEVSKJ,Russia,4
1382,Julien LOSTE,France,4
1383,Giacomo COMINOTTI,Italy,4
1384,Juan PONS ALEMAN,Spain,4
1385,Thøger VILSTRUP,Denmark,4
1386,Richárd BOZSIK,Hungary,4
1387,Chun-ming JOU,Taiwan,4
1388,Dennis DIAZ,Philippines,4
1389,Dmitri KHAIDARCHINE,Russia,4
1390,Gurami GAZDELIANI,Georgia,4
1391,Amin ABBASSI,Iran (Islamic Republic of),4
1392,Amir PIRVASLI,Iran (Islamic Republic of),4
1393,Nikolai KOUZOVLEV,Russia,4
1394,Serguei PINIGUINE,Russia,4
1395,Egor GOUTORINE,Russia,4
1396,Paul BROUARD,South Africa,4
1397,Xianghua DING,China,4
1398,Janmin WANG,China,4
1399,Martin HAMMERER,Austria,4
1400,Václav MALINA,Czechia,4
1401,Love  ymer ALBER,Sweden,4
1402,Joris LEIPUS,Lithuania,4
1403,Marek JELIGA,Czechia,4
1404,Lluc MACIÀ LLOBET,Spain,4
1405,Theofanis-ermis THEOCHAROPOULOS,Greece,4
1406,Jim ZEIMES (Current),Luxembourg,4
1407,Matteo MANZONI,Italy,4
1408,Paolo RIVADENEIRA (Current),Ecuador,4
1409,Mikael SUIHKONEN,Finland,4
1410,Jonas BRANDENBURGER,Germany,4
1411,Alejandro RIVAS DOMÍNGUEZ (Current),Spain,4
1412,Pietro VIDI,Italy,4
1413,Vaidotas MONSTAVICIUS,Lithuania,4
1414,Mike DOYLE,Canada,4
1415,Evgeny BASHKIRTSEV,Russia,4
1416,Yair KUPERSTEIN,Israel,4
1417,Konstantin LYUKHANOV,Russia,4
1418,Oleksandr ZILINSKIY,Ukraine,4
1419,Rafael OLIVARES,Venezuela (Bolivarian Republic of),4
1420,Luis felix PEREZ,Spain,4
1421,Marek LEITMAN,Slovakia,4
1422,David LAURENT,France,4
1423,Nick CLEMENT,United Kingdom,4
1424,Henrik SENNELÖV,Sweden,4
1425,Florian GLEMAREC,France,4
1426,Po-fuk NGAI,"China, Hong Kong Special Administrative Region",4
1427,Jonathan THOMAS,Belgium,4
1428,Philipp MAGIN,Germany,4
1429,Dmitriy PORTSEV,Russia,4
1430,Oleksandr LAKHIN,Ukraine,4
1431,Dmitri MUNOZ,France,4
1432,Kristoffer kvamme THORBJOERNSEN,Norway,4
1433,Dalibor MURAN,Czechia,4
1434,Zakariaya MASDARI,Malaysia,4
1435,Igor SOLOVEY,Ukraine,4
1436,Alan CASSIDY,United Kingdom,4
1437,Vitalii LAGUTIN,Ukraine,4
1438,Frederic BONNET,Australia,4
1439,Jiri BRADÁC,Czechia,4
1440,Matthias RUH,Switzerland,4
1441,Zorbey AKTUYUN,Turkey,4
1442,Jakub POCIECHA,Poland,4
1443,Victor KOZLOV,Russia,4
1444,Dmitry SARAPAEV,Russia,4
1445,Vladimir MUSICH,Russia,4
1446,Alexandr NIGMATULIN,Kazakhstan,4
1447,Mathieu BOUYOUD,France,4
1448,Keita SETO,Japan,4
1449,Bruno VACKA,Croatia,4
1450,Bogdan MICU,Romania,4
1451,Nicolas MATHIEU,Belgium,4
1452,Garrett GREGOR,United States of America,4
1453,David MASON,United Kingdom,4
1454,Gerard RULL FLORES,Spain,4
1455,Michal ROZEK,Czechia,4
1456,Sandro DEUTSCHMANN,Austria,4
1457,Raphael FERNANDEZ,Belgium,4
1458,Zach LERNER,United States of America,4
1459,Bence GÁL,Hungary,4
1460,Peter PUTZ,Austria,4
1461,Nigel CALLENDER,Ireland,4
1462,Facundo LANGBEHN,Chile,4
1463,Davoud REKABI,Iran (Islamic Republic of),4
1464,Karolis RUTKAUSKAS,Lithuania,4
1465,Pandu asmoro GALAR,Indonesia,4
1466,Noah RIDGE,United States of America,4
1467,Edward HAMER,United Kingdom,4
1468,Hongshu QIU,China,4
1469,Guangdong LI,China,4
1470,Yosuke SENBONGI,Japan,4
1471,Jonas WINTER,Germany,4
1472,Benisaac TRESCO,United States of America,4
1473,Guangfeng LI,China,4
1474,Arturas VOLKOVAS,Lithuania,4
1475,Peter DIXON,United States of America,4
1476,Brendan MITCHELL,United States of America,4
1477,Ruslan FAIZULLIN,Russia,4
1478,Teun KEUSTERS,Netherlands,4
1479,Martin KLEMSA,Czechia,4
1480,Terdpol ARTAUI,Thailand,4
1481,Ramel RAHIMKHANOV,Azerbaijan,4
1482,Mojtaba KHODAEIDAMERCHIDARSI,Iran (Islamic Republic of),4
1483,Carlos jose CATARI RAMONES,Spain,4
1484,Dominic BURNS,Ireland,4
1485,Petr BURIAN,Czechia,4
1486,Phanuphong BUNPRAKOP,Thailand,4
1487,Luke DAWSON,United Kingdom,4
1488,Shawn RABOUTOU,United States of America,4
1489,Jake TIGER,Canada,4
1490,Shaun HUNTER,Canada,4
1491,Jekyoung HYUN,Republic of Korea,4
1492,Anton KUKHAR,Ukraine,4
1493,Charalampos GEMENETZI,Cyprus,4
1494,Karoly-csaba SZOCS,Romania,4
1495,Max HAMMER,United States of America,4
1496,Tomoki MUSHA,Japan,4
1497,Ryohei KAMEYAMA,Japan,4
1498,Arnaud ANSION,Belgium,4
1499,Luke MUEHRING,United States of America,4
1500,Josef SUNDAKOV-KRUMINS,Australia,4
1501,João EVORA,Portugal,4
1502,Iñaki ARANTZAMENDI IRUETA,Spain,4
1503,Lukas FRANCKAERT,Belgium,4
1504,Milos NEMY,Slovakia,4
1505,Denis PAIL,Czechia,4
1506,Rongqi LIANG,China,4
1507,Vadim MALSHCHUKOV (Current),Russia,4
1508,Robert LUBY (Current),Slovakia,4
1509,Meirāns PĒTERIS,Latvia,4
1510,Samuel MUNDAY,New Zealand,4
1511,Aliaksandr IVANOU,Belarus,4
1512,ZhiXing CHEN,China,4
1513,Jose Maria ALJARO,Chile,4
1514,Dylan SOIN (Current),Australia,4
1515,Anton young hong NIELSEN,Denmark,4
1516,Iman AREZEH (Current),Iran (Islamic Republic of),4
1517,Matias OCHOA MARCOS,Argentina,4
1518,Vasil VASSILEV,Bulgaria,4
1519,Jachym CINK,Czechia,4
1520,William FLORES (Current),Puerto Rico,4
1521,Ginta UEGAKI (Current),Japan,4
1522,Matej MARKOV,The former Yugoslav Republic of Macedonia,4
1523,Daniel alejandro MERINO ORDÓÑEZ,Honduras,4
1524,Pheaktra SAMBATH,Cambodia,4
1525,Marcelo ignacio VARGAS CLAROS,El Salvador,4
1526,Gianstefano DI NINO,Venezuela (Bolivarian Republic of),4
1527,Luis CASTELLANOS,Venezuela (Bolivarian Republic of),4
1528,Haruki UEMURA,Japan,4
1529,Declan OSGOOD (Current),United States of America,4
1530,Allen LACTAOEN (Current),Guam,4
1531,Mykyta MYRONENKO (Current),Ukraine,4
1532,Seyedmohammadzaniar EBRAHIMI (Current),Iran (Islamic Republic of),4
1533,Meritas BABILAS (Current),Lithuania,4
1534,Mototaka ISHIZU (Current),Japan,4
1535,Elliot ERIKSSON (Current),Sweden,4
1536,Muhammed Oğuz KAĞANOĞLU (Current),Turkey,4
1537,Taher ALHADDAD (Current),Saudi Arabia,4
1538,Beomjin PARK (Current),Republic of Korea,4
1539,Braeden BOSSERT (Current),Canada,4
1540,Lukas WINDISCHER (Current),Austria,4
1541,Finn ALTEMÖLLER (Current),Germany,4
1542,Francisco MEDINA (Current),Argentina,4
1543,Yicheng ZHAO (Current),China,4
1544,Luca MARTINS (Current),United Kingdom,4
1545,Caio Felipe EGG (Current),Brazil,4
1546,Sofiane VIAL (Current),Switzerland,4
1547,Emilio FLORES (Current),Guatemala,4
1548,Alexander KOVATS (Current),Canada,4
1549,Arno LUYPAERT (Current),Belgium,3
1550,Geoff WEIGAND,Australia,3
1551,Patrick EDLINGER,France,3
1552,Reto HARTMANN,Switzerland,3
1553,Stuart a. CAMERON,United Kingdom,3
1554,Piotr KORCZAK,Poland,3
1555,Colin LANTZ,United States of America,3
1556,Hans FLORINE,United States of America,3
1557,Tomasz SAMITOWSKI,Poland,3
1558,Peter THALLER,Austria,3
1559,Juri LISSOVOI,Russia,3
1560,Yoshihiko TERASHIMA,Japan,3
1561,Stéphane POUSSARDIN,France,3
1562,Motomu TSUGE,Japan,3
1563,Takehiko YAMAZAKI,Japan,3
1564,Reinhard SCHIRL,Austria,3
1565,Philippe LELOUP,Belgium,3
1566,Heinz GUT,Switzerland,3
1567,Evan WIERCX,South Africa,3
1568,Robert LEBRETON,Australia,3
1569,Robert CASPERSEN,Norway,3
1570,Andy DAVIES,South Africa,3
1571,Damien YOU,France,3
1572,Marius ONIGA,Romania,3
1573,Ivica MATKOVIC,Croatia,3
1574,Kai FUJINO,Japan,3
1575,Kurt SMITH,United States of America,3
1576,Tihomir KATHAUNOV,Bulgaria,3
1577,Hjarrand JULSRUD,Norway,3
1578,Benjamin PIRAPREZ,Belgium,3
1579,François DREYFUS,France,3
1580,Pavel WEISSER,Czechia,3
1581,Richard WAGNER,Slovakia,3
1582,Jury KRASILNIKOV,Russia,3
1583,Pavel MENTLIK,Czechia,3
1584,Ciprian CHELARIN,Romania,3
1585,Vitaly SKORIK,Ukraine,3
1586,Jean-minh TRINH-THIEU,France,3
1587,Alan CAMERON-DUFF,United Kingdom,3
1588,Grzgorz KIMLA,Poland,3
1589,Wolfgang WIDDER,Germany,3
1590,Oleg BOULAVKO,Russia,3
1591,Marcin BARTOCHA,Poland,3
1592,Neil TRAVERS,United Kingdom,3
1593,Gyula DOZSA,Hungary,3
1594,Laszlo STROMMER,Hungary,3
1595,Dan SCORTEA,Romania,3
1596,Byung tae KIM,Republic of Korea,3
1597,Justin HAWKINS,South Africa,3
1598,Chris BLOCH,United States of America,3
1599,Tommy CALDWELL,United States of America,3
1600,Richard BINGHAM,United Kingdom,3
1601,Martin HANSLMAYR,Austria,3
1602,Clemens EICHINGER,Austria,3
1603,Timo LAUTENSCHLÄGER,Germany,3
1604,Aron URBANICS,Hungary,3
1605,Ales STROJAN,Slovenia,3
1606,Istvan MARTINCZAK,Hungary,3
1607,Oleg MOROZKINE,Russia,3
1608,Sylvain LANGRIS,France,3
1609,Matteo BRESCIANI,Italy,3
1610,Bernhard SCHIESTL,Austria,3
1611,Yuri GADENZ,Italy,3
1612,Gabriel PONT,France,3
1613,Edison kicho SHIMABUKURO JR.,Brazil,3
1614,Noukri GVELEBIANI,Georgia,3
1615,Helmut BECKER,Brazil,3
1616,Marco BUSSU,Italy,3
1617,Igor PILIOUGINE,Russia,3
1618,Robin MISSON,France,3
1619,Pierre eric GOUDAL,France,3
1620,Obel CARRION,United States of America,3
1621,John STACK,United States of America,3
1622,Yuji MIYABO,Japan,3
1623,Yi-de LIU,Taiwan,3
1624,Kristian CLEMMOW,United Kingdom,3
1625,Gary VINCENT,United Kingdom,3
1626,Maxim MIKHAILOV,Russia,3
1627,Igor ASTACHOV,Russia,3
1628,Oleg GREBENYUK,Ukraine,3
1629,Ihor HONCHARENKO,Ukraine,3
1630,Hossein SIEF,Iran (Islamic Republic of),3
1631,Denis OMELTCHENKO,Russia,3
1632,Joffrey HYMAN,South Africa,3
1633,Ronald MAMARIMBING,Indonesia,3
1634,Stefan FELLNER,United States of America,3
1635,Dmitrii POPOV,Russia,3
1636,Victor SEBROS,Greece,3
1637,Vilks KASPARS,Latvia,3
1638,Mohsen SHAFIEI,Iran (Islamic Republic of),3
1639,Amiad LIPMAN,Israel,3
1640,Oleksii TYTARENKO,Ukraine,3
1641,Pavel KLEPIKOV,Russia,3
1642,Severin NOVIANT,France,3
1643,Bart VAN RAAIJ,Netherlands,3
1644,Peter DOLEZAJ,Slovakia,3
1645,Jaime amiel PAHATI,Philippines,3
1646,Ri-long XIN,China,3
1647,Arman SALADA,Philippines,3
1648,Man-wai SUN,"China, Hong Kong Special Administrative Region",3
1649,Dharma DARMAWAHYU,Indonesia,3
1650,Frederico SILVA,Portugal,3
1651,Oliver TALON,France,3
1652,Nicolas NASTROG,France,3
1653,Thomas KNOCHE,Germany,3
1654,Jure BORNSEK,Slovenia,3
1655,Matic KOZMUS,Slovenia,3
1656,Simon BRISMO,Sweden,3
1657,Eric ROYER,France,3
1658,Olivier RAILLARD,France,3
1659,Jérémie COGAN,France,3
1660,Tyler CULPEPPER,New Zealand,3
1661,Chao-chun CHENG,Taiwan,3
1662,Tino LOIS,Spain,3
1663,Athanasios CHTENAS,Greece,3
1664,Arthur GIORGETTI,France,3
1665,Andrei NIKIFOROVEZ,Belarus,3
1666,Etienne JANUEL,France,3
1667,Milos STOSIC,Serbia,3
1668,Konrad BUCHAUER,Austria,3
1669,Vyacheslav TITOV,Kazakhstan,3
1670,Vyacheslav TITOV,Ukraine,3
1671,Davic PICQ,France,3
1672,Björn STRÖMBERG,Sweden,3
1673,Ivaylo RADKOV,Bulgaria,3
1674,Serhiy POBEREZHETS,Ukraine,3
1675,Igor TYAPKIN,Ukraine,3
1676,Alexander STEPANOV,Russia,3
1677,Jake BRESNEHAN,Australia,3
1678,Hernan agustin REINOSO NARANJO,Ecuador,3
1679,Hee yong PARK,Republic of Korea,3
1680,Zul fadzli SHAFIEE,Malaysia,3
1681,Xiaolong LU,China,3
1682,Quentin MIEGEVILLE,France,3
1683,Paul STADLOBER,Austria,3
1684,Ben MEEKS,United Kingdom,3
1685,Olexiy SHULGA,Ukraine,3
1686,Maciej KALITA,Poland,3
1687,Michaël LECOMTE,Belgium,3
1688,Iakov SUBBOTIN,Russia,3
1689,Jakub HEJL,Czechia,3
1690,Kuei chi PENG,Taiwan,3
1691,Aleksey PEROV,Kazakhstan,3
1692,Jau shiuan HUNG,Taiwan,3
1693,Bogdan RUS,Romania,3
1694,Thibaut MAURON,Switzerland,3
1695,Guntram JÖRG,Austria,3
1696,Jamie CHONG,Canada,3
1697,Ryan OLSON,United States of America,3
1698,Janis PRIZAVOITS,Latvia,3
1699,Sergey DONETS,Russia,3
1700,Alexandr SHAULSKIY,Russia,3
1701,Tomas midtun TOBIASSEN,Norway,3
1702,Thomas DUPIN,France,3
1703,Romain BUSETTA,France,3
1704,Silviu CORCIOVEI,Romania,3
1705,Fumihiro OYAMA,Japan,3
1706,Juraj REPAN,Slovakia,3
1707,Franz SCHMIDTLEIN,Germany,3
1708,Kevin LOPATA,France,3
1709,Martin SIFRA,Czechia,3
1710,Akin TASKIRAN,Turkey,3
1711,Dmitry KARAVAEV,Belarus,3
1712,Erekle MIKELADZE,Georgia,3
1713,Giorgi GABULDANI,Georgia,3
1714,Sayat BOKANOV,Kazakhstan,3
1715,Fabian BOSLER,Germany,3
1716,Maximilian PORSCHA,Germany,3
1717,Juraj RAVAS,Slovakia,3
1718,Matt WILDER,United States of America,3
1719,Burak DULGEROGLU,Turkey,3
1720,Rimu MURAKAMI,Japan,3
1721,Geoffray DE FLAUGERGUES,France,3
1722,Paweł SIKORA,Poland,3
1723,Tonny MAMIRI,Indonesia,3
1724,Beiji LI,China,3
1725,Matty HONG,United States of America,3
1726,Babek IBADOV,Azerbaijan,3
1727,Zohrab SHAHBALAYE,Azerbaijan,3
1728,Victor DRAGOI,Romania,3
1729,Sylvain ROCHE,France,3
1730,Myeongsu KIM,Republic of Korea,3
1731,Pyeongju HWANG,Republic of Korea,3
1732,John henry NILSSEN,Norway,3
1733,Takuma NUMAJIRI,Japan,3
1734,Viktor BELIY,Ukraine,3
1735,Dmitrijus MONASTYRECKIS,Lithuania,3
1736,Viliam FERČÁK,Slovakia,3
1737,Vsevolod ILINYKH,Russia,3
1738,Semen CHESNOKOV,Russia,3
1739,Gaurav KUMAR,India,3
1740,Ashari FAJRI,Indonesia,3
1741,Jurijs KRASANOVS,Latvia,3
1742,Gavin JOHNSON,Canada,3
1743,Samuel TIUKUVAARA,Canada,3
1744,Nathaniel SPENCER,United States of America,3
1745,Federico ANDREOLI,Italy,3
1746,Kamil FERENC,Poland,3
1747,Andres PAZMINO,Ecuador,3
1748,Tommaso PASQUA,Italy,3
1749,Pranil man SHRESTHA,Nepal,3
1750,Daehyeon KWON,Republic of Korea,3
1751,Julien BOURASSA-MOREAU,Canada,3
1752,Sebastian m MONTES,Argentina,3
1753,Nicolas PACHECO,Argentina,3
1754,Peter ERARD,United States of America,3
1755,Kanat EGIZBAYEV,Kazakhstan,3
1756,Solomon BARTH,United States of America,3
1757,Efe can SEVIL,Turkey,3
1758,Arda kadir URULUER,Turkey,3
1759,Lorenzo CARASIO,Italy,3
1760,Hristo ALTANCHEV,Bulgaria,3
1761,Petar IVANOV,Bulgaria,3
1762,Robert SANTHA,Romania,3
1763,Matthias KÖNIG,Switzerland,3
1764,Christopher SMITH,United States of America,3
1765,Dingguo WANG,China,3
1766,Yerzhan BEISEMBAYEV,Kazakhstan,3
1767,Zhouwen HUANG,China,3
1768,Khosro HASHEMZADEH,Iran (Islamic Republic of),3
1769,Vladislav ANGELOV,Bulgaria,3
1770,David PICCOLRUAZ,Italy,3
1771,Jules NICOULEAU BOURLES,France,3
1772,Ricardo COIMBRA,Portugal,3
1773,Francesco BOSCO,Italy,3
1774,Johannes HELD,Austria,3
1775,David OBERPRANTACHER,Italy,3
1776,Leonardo SANDRIN,Italy,3
1777,Gabriele RANDI,Italy,3
1778,Danzeng CHILIE,China,3
1779,Zaheer AHMAD,Pakistan,3
1780,Nikolai MICHUROV,Russia,3
1781,Elias IAGNEMMA,Italy,3
1782,Hamed HEYDARIDOLABI,Iran (Islamic Republic of),3
1783,Gaëtan MASSONNET,Switzerland,3
1784,Mohammadamin YAZDIZAD,Iran (Islamic Republic of),3
1785,Sadra TORKAMANBOUTORABI,Iran (Islamic Republic of),3
1786,Mykola SILEVYCH,Ukraine,3
1787,Tomi SALO,Finland,3
1788,Ismail OZTURK,Turkey,3
1789,Christos SOFOKLEOUS (Current),Cyprus,3
1790,Katleho POBE,South Africa,3
1791,Ihor TIAPKIN,Ukraine,3
1792,Juan martin PEÑA,Ecuador,3
1793,Jordan ROMIG,United States of America,3
1794,Joseph WALMSLEY (Current),United Kingdom,3
1795,Lars HOFFMANN,Germany,3
1796,Maxwell AYRTON,United Kingdom,3
1797,Konstantin MITIN,Russia,3
1798,Asher Gavin CHIAM KAI CHEN,Singapore,3
1799,Samuel BOWMAN,Australia,3
1800,Tyler FLEURY,New Zealand,3
1801,Joseph DIAZ,United States of America,3
1802,Jacopo STEFANI,Italy,3
1803,Ihor ROBOTA,Ukraine,3
1804,Olaf MALINOWSKI,Poland,3
1805,Kieran FORREST,United Kingdom,3
1806,Dominik HAERTL,Austria,3
1807,Ganesh BHUJEL,India,3
1808,Sunghoon PARK,Republic of Korea,3
1809,Pedro AVELAR (Current),Brazil,3
1810,Akihisa KAJI,Japan,3
1811,Micah LISS,United States of America,3
1812,Nicolas SALABERRY,Argentina,3
1813,Joaquin PIRIZ,Argentina,3
1814,Teodor KIRKEBØ (Current),Norway,3
1815,Hualong SONG (Current),China,3
1816,Arthur LE BRIS (Current),France,3
1817,Richard SCHWARK,Brazil,3
1818,Guðmundur freyr ARNARSON,Iceland,3
1819,Alireza PILEHFOROUSHAN (Current),Iran (Islamic Republic of),3
1820,Luca MALOSTI (Current),Italy,3
1821,Dorian ZEDLER (Current),Germany,3
1822,Gustavo Jose PEREZ (Current),Venezuela (Bolivarian Republic of),3
1823,Sho TAKENAKA,Japan,3
1824,Tomas CHICAIZA DAVILA (Current),Ecuador,3
1825,Gustavo CUNHA (Current),Portugal,3
1826,Guoqing NI (Current),China,3
1827,Jiahao FU (Current),China,3
1828,Yago GANCEDO (Current),Mexico,3
1829,Thomas LIN (Current),United States of America,3
1830,Kito MARTINI (Current),France,3
1831,Julian SCHRITTWIESER (Current),Austria,3
1832,Alexandre NOËL (Current),Belgium,3
1833,Mohammad GARAKANI (Current),Iran (Islamic Republic of),3
1834,Samo GOLOB (Current),Slovenia,3
1835,Gerald BAYO VEROSIL (Current),Singapore,3
1836,Nathan WHALEY (Current),United Kingdom,3
1837,Dylan SMITH (Current),Canada,3
1838,Vishak OOMMEN SHANKER (Current),India,3
1839,James JENKINS (Current),United Kingdom,3
1840,Linwen ZHAO (Current),China,3
1841,Leonardo MAGALLANES TEJADA (Current),Mexico,3
1842,Jonathan Odiel BENITEZ RODRIGUEZ (Current),Honduras,3
1843,Timo OSSIG (Current),Germany,3
1844,Andrés VILA ANDRÉS (Current),Spain,3
1845,Linus QVARNSTRÖM (Current),Sweden,3
1846,Yusuke SUGIMOTO (Current),Japan,3
1847,Luke WESTMAN (Current),South Africa,3
1848,Jeronimo BOQUE BISCAYART (Current),Argentina,3
1849,Robert ZAJAC (Current),Poland,3
1850,Shaked SHACHAM (Current),Israel,3
1851,Piotr NIZNIK (Current),Poland,3
1852,Joaquin TAPIA (Current),Chile,3
1853,Luca NÜNDEL (Current),Germany,3
1854,André MACEDO (Current),Brazil,3
1855,Egor DULUB (Current),Russia,3
1856,Ivan ZEMLIAKOV (Current),Russia,3
1857,Max THOMAS (Current),Australia,3
1858,Luke WILLIAMS (Current),New Zealand,3
1859,Or MARK (Current),Israel,3
1860,Manuel Antonio PASTOR SÁNCHEZ (Current),Spain,3
1861,Pablo RODRIGUEZ MURADAS (Current),Mexico,3
1862,Andrea Ludovico CHELLERIS (Current),Italy,3
1863,Tomy ADAMOVSKY (Current),Israel,3
1864,Alejandro ROA (Current),Colombia,3
1865,Rashid KHAIBULLIN (Current),Kazakhstan,3
1866,Alexander BERGMANN (Current),Austria,3
1867,Francois LOMBARD,France,2
1868,Dale GODDARD,United States of America,2
1869,Mark LEACH,United Kingdom,2
1870,Won-suk CHUN,Republic of Korea,2
1871,Tomas PILKA,Czechia,2
1872,Peter GOMERSALL,United Kingdom,2
1873,Jae kyung YOU,Republic of Korea,2
1874,Mike MEIJNHARD,Netherlands,2
1875,Pascal HUBLET,Belgium,2
1876,Ching-ming CHOU,Taiwan,2
1877,Yee-ping WONG,"China, Hong Kong Special Administrative Region",2
1878,Chen-fo TSENG,Taiwan,2
1879,Rae-kyung PARK,Republic of Korea,2
1880,Yutaka SATOU,Japan,2
1881,Tetsuyuki TANSOU,Japan,2
1882,Michael MATLSCHWAIGER,Austria,2
1883,Vasil KIROV,Bulgaria,2
1884,Pavol ZAUSKA,Slovakia,2
1885,Marko LUKIC,Slovenia,2
1886,Christian GRIFFITH,United States of America,2
1887,Frank SAETRE,Norway,2
1888,Tony MITCHELL,United Kingdom,2
1889,Andrew SWANN,United Kingdom,2
1890,Aymar DE RUGY,France,2
1891,Martin SCHWEIZER,Switzerland,2
1892,Paul BOBOC,Romania,2
1893,Miroslav PIALA,Slovakia,2
1894,Jivko DRUMEV,Bulgaria,2
1895,Peter SCHÄFFLER,Austria,2
1896,Luka ZAPLOTNIK,Slovenia,2
1897,Antoine PECHER,France,2
1898,Dan alexandro BORCEA,Romania,2
1899,Markus DORFLEITNER,Germany,2
1900,Markus ZÖLL,Germany,2
1901,Stephan HILGERS,Germany,2
1902,Christian HÜMMER,Germany,2
1903,Markus BUCHWALD,Germany,2
1904,Ioannis THEOHAROPOULOS,Greece,2
1905,Ief SPINCERAILLE,Belgium,2
1906,Denis VAVEEV,Kazakhstan,2
1907,Levan CHOVNADZE,Kazakhstan,2
1908,Maxim KOZLOV,Russia,2
1909,Peter HORNING,Netherlands,2
1910,Gheorghe COZANU,Romania,2
1911,Imre SZOCS,Romania,2
1912,Miyuki TAZUSHI,Japan,2
1913,Gheorghe VITITIU,Romania,2
1914,Olivier FRENETTE,Canada,2
1915,Fabrice FARA,France,2
1916,Alexander DEULIN,Russia,2
1917,Vladimir BEREZOVSKY,Russia,2
1918,Aidar AKBEROV,Russia,2
1919,Carl SELLMAN,Sweden,2
1920,John CRONIN,United States of America,2
1921,Jason CAMPBEL,United States of America,2
1922,Laurent LAPORTE,France,2
1923,Pavel DEMIN,Russia,2
1924,Evgeni ZVONNAREV,Kazakhstan,2
1925,Serguei CHICHKINE,Kazakhstan,2
1926,Daniel KADLEC,Czechia,2
1927,Gotzon GARDEAZABAL,Spain,2
1928,Diego TAPIA,Chile,2
1929,Henri PÖYRY,Finland,2
1930,Nicolas LE GALL,France,2
1931,Mathias SCHIESTL,Austria,2
1932,Ralph BRUNEL,Italy,2
1933,Giorgi KOMAKHIKZE,Georgia,2
1934,Filip SOBOT,Croatia,2
1935,Tomislav HABULIN,Croatia,2
1936,Patrik DABERTO,Italy,2
1937,Jiri LAUTNER,Czechia,2
1938,Attilio MUNARI,Italy,2
1939,Tim BARTZIK,Germany,2
1940,Patrick RASPO,Italy,2
1941,Bostjan POTOCNIK,Slovenia,2
1942,Patrick COENEN,Netherlands,2
1943,Elio CACCHIO,Italy,2
1944,David LOPEZ,Spain,2
1945,Bernd ZANGERL,Austria,2
1946,Christian EMPRIN,France,2
1947,Alexander LEDOVSKIKH,Ukraine,2
1948,Filippo CERVO,Italy,2
1949,Luca GIAMMARCO,Italy,2
1950,Aymeric CLOUET,France,2
1951,Daniel AFONSO,France,2
1952,Harda YOSUKE,Japan,2
1953,Jörg ANDREAS,Germany,2
1954,Orlin KOLOV,Bulgaria,2
1955,Martin ECKERT,Slovakia,2
1956,Zdenek RESCH,Czechia,2
1957,Zoran PEJKOVSKI,The former Yugoslav Republic of Macedonia,2
1958,Martin TRAJKOVSKI,The former Yugoslav Republic of Macedonia,2
1959,Athanasios HTENAS,Greece,2
1960,Alexandre BRECHET,France,2
1961,Laurent LAGARIGUES,France,2
1962,Laurent BOUDIER,France,2
1963,Denis BOURE,France,2
1964,Jérome LOUVET,France,2
1965,Rene GUTMAN,Austria,2
1966,Vegard AKSNES,Norway,2
1967,Anders LANZ,Sweden,2
1968,Max BOHOLM,Sweden,2
1969,Bernhard FIEDLER,Austria,2
1970,Paul MAY,United States of America,2
1971,Anton LAMPRECHT,Germany,2
1972,Fréderic MAIK,France,2
1973,Adam DEWHURST,United Kingdom,2
1974,Joung-yong PARK,Republic of Korea,2
1975,Bosse SÄTTARE,Sweden,2
1976,Gergely RAKOSI,Hungary,2
1977,Pavel SOLANSKY,Czechia,2
1978,Futoshi MARUKI,Japan,2
1979,Tomasz DOUBRAVSK,Czechia,2
1980,Ian BITCON,United Kingdom,2
1981,Miles GIBSON,United Kingdom,2
1982,Leong wai TAN,Malaysia,2
1983,Simon h. SANDOVAL,Philippines,2
1984,Tzu-kai CHAO,Taiwan,2
1985,Erwin GOZUM,Philippines,2
1986,Zhifeng HUANG,China,2
1987,Firmansyah TONI,Indonesia,2
1988,Sebastian ABAD DEL CAMPO,Spain,2
1989,Evgeny MASLEONKIN,Russia,2
1990,Zeb CRIJNS,Netherlands,2
1991,Diego SIRTORI,Italy,2
1992,Young-se KWEN,Republic of Korea,2
1993,Luca GELMETTI,Italy,2
1994,H. c. KARTHIK,India,2
1995,Kristian guerrero HUBBERTH,Philippines,2
1996,Swee soon ANG,Malaysia,2
1997,Cresencio VIDAL,Philippines,2
1998,César sempere VENDRELL,Spain,2
1999,Takuya TAKEDA,Japan,2
2000,Pierre LE CERF,France,2
2001,Ádám BAKURECZ,Hungary,2
2002,Stephan REST,Austria,2
2003,Peteris MEIRANS,Latvia,2
2004,Tomas CHICAIZA,Ecuador,2
2005,Munekazu KITAMI,Japan,2
2006,Albert ILSAAS SUTHURST,Norway,2
2007,Jakub FÁBRIC,Slovakia,2
2008,Samuel STEFANIK,Slovakia,2
2009,Filip HROMADA,Slovakia,2
2010,David ZINSLER,Austria,2
2011,Benjamin HAIDACHER,Austria,2
2012,Guillem MONSECH GASCA,Spain,2
2013,Unax UTERGA FLAMARIQUE (Current),Spain,2
2014,Jáchym CINK,Czechia,2
2015,Jan VOPAT,Czechia,2
2016,Isaac LEFF (Current),United States of America,2
2017,Charlie OSBORNE,United States of America,2
2018,Igor VESELIC,Serbia,2
2019,Andrej POLAK,Slovenia,2
2020,Teppei USHIRO,Japan,2
2021,Sergey POPOV,Russia,2
2022,Tomas FIDES,Slovakia,2
2023,Luca PARISSE,Italy,2
2024,Martin FOJTIK,Czechia,2
2025,Kuo-wei HUANG,Taiwan,2
2026,G. JANGAR,Mongolia,2
2027,Tumur OCH,Mongolia,2
2028,Batkhuu BATSUKH,Mongolia,2
2029,Gorka KARAPETO ARRUE,Spain,2
2030,Stefan RASMUSSEN,Sweden,2
2031,Dan BRADLEY,United Kingdom,2
2032,Tobias HALLER,Austria,2
2033,Lars BELL,Germany,2
2034,George WEBER,Austria,2
2035,Chi-chiu CHEUNG,"China, Hong Kong Special Administrative Region",2
2036,Yubin ZHANG,China,2
2037,Shaoman LI,China,2
2038,Aldwin IBANEZ,Philippines,2
2039,Lukasz DUDEK,Poland,2
2040,Dave HOLODILOFF,United States of America,2
2041,Igor ARANAZ,Spain,2
2042,Friedemann WALTHER,Germany,2
2043,Min woo CHAE,Republic of Korea,2
2044,Cyril LAVIER,France,2
2045,Nikolai TSIPILEV,Russia,2
2046,Alexander VASILETS,Belarus,2
2047,Giovanni PEZZULO,Italy,2
2048,Mario SOMMER,Switzerland,2
2049,Patricio MUNARI,Argentina,2
2050,David KOZEL,Czechia,2
2051,Boyko LALOV,Bulgaria,2
2052,Patrick CASSIDAY,United States of America,2
2053,William ASHTON,United States of America,2
2054,Lee COSSEY,Australia,2
2055,Putra kahir NURMANSYAH,Indonesia,2
2056,C. m. PRAVEEN,India,2
2057,Maximilian BREITENLECHNER,Austria,2
2058,Boris ZOKIC,Croatia,2
2059,Jochem ADRIAENSENS,Belgium,2
2060,Stefan HADFIELD,New Zealand,2
2061,Vasilii KURSIN,Russia,2
2062,Ilya KAZENNOV,Russia,2
2063,Eduard ISMAGILOV,Russia,2
2064,Gregor SELAK,Slovenia,2
2065,Hardianto PONTI,Indonesia,2
2066,Zulkarnaen YUSUF,Indonesia,2
2067,Erianto ROZAK,Indonesia,2
2068,Mohd tarmizi JAAFAR,Malaysia,2
2069,Sam VANDEN DRIESSCHE,Belgium,2
2070,Charlelie BARCZA,Belgium,2
2071,Dae yeob KIM,Republic of Korea,2
2072,Ugur YILMAZ,Turkey,2
2073,Dogan oguz PALUT,Turkey,2
2074,Ioannis KOLOKAS,Greece,2
2075,Pavlo FOYGEL,Ukraine,2
2076,Dejan PETROVSKI,The former Yugoslav Republic of Macedonia,2
2077,Gabriel PAVEL,Romania,2
2078,Marian BUGNERU,Romania,2
2079,Jérémie CICCIONE,France,2
2080,Yuki SUZUKI,Japan,2
2081,Jacek MATUSZEK,Poland,2
2082,Petr RESCH,Czechia,2
2083,Kire SERAFIMOVSKI,The former Yugoslav Republic of Macedonia,2
2084,Sergiy KRYVONOS,Ukraine,2
2085,Yannick PASQUAZZO,Belgium,2
2086,Dirk VERVOORT,Belgium,2
2087,Edrick FREYRIA,Mexico,2
2088,Olivier MIGNON,Belgium,2
2089,Julien LAINE,France,2
2090,Matus KOSTKA,Slovakia,2
2091,Nobuyuki NAGATA,Japan,2
2092,Tatsuya MURAOKA,Japan,2
2093,Ghislain LOSIER,Canada,2
2094,Brice MARTINE,France,2
2095,Stefano MASTROCOLA,Brazil,2
2096,Ry MORRISON,Costa Rica,2
2097,Kirill DYAKONOV,Russia,2
2098,Egor SKACHKOV,Russia,2
2099,Dmitriy ABROSSIMOV,Kazakhstan,2
2100,Eduard SABITOV,Russia,2
2101,Georgy DERKACHEV,Russia,2
2102,Florent BREYSSE,France,2
2103,Alexander TUZHILKIN,Russia,2
2104,Luis DIAZ,Venezuela (Bolivarian Republic of),2
2105,Kristof DEDECKER,Belgium,2
2106,David LEDUC,Belgium,2
2107,Drew HAIGH,United Kingdom,2
2108,Ryan RODEN,United States of America,2
2109,Jon CARDWELL,United States of America,2
2110,Kuutti HUHTIKORPI,Finland,2
2111,Keith BRADBURY,United Kingdom,2
2112,Nejc CUJES,Slovenia,2
2113,Arian BOSZOTTA,Austria,2
2114,Dömötör SZÉLL,Hungary,2
2115,Julian BAUTISTA,United States of America,2
2116,Adam MARKERT,United States of America,2
2117,Gergõ MOLNAR,Hungary,2
2118,Robin GRAY,Germany,2
2119,José luis PALAO PEINADO,Spain,2
2120,Carlos CATARI,Venezuela (Bolivarian Republic of),2
2121,Jesse OFFNER,New Zealand,2
2122,Mark PUGH-WILLIAMS,New Zealand,2
2123,Siebe VANHEE,Belgium,2
2124,Takeshi ITO,Japan,2
2125,Pavel CHUDINOV,Russia,2
2126,Laurenz RUDIGIER,Austria,2
2127,Samuel ADOLPH,Germany,2
2128,Hubert STYLA,Poland,2
2129,Changhyon LEE,Republic of Korea,2
2130,Yongho JANG,Republic of Korea,2
2131,Daniel TIRADO,Colombia,2
2132,Martin MICKA,Czechia,2
2133,Josh MULLER,Canada,2
2134,David WETMORE,United States of America,2
2135,Miles ADAMSON,Canada,2
2136,Shigeo IWAI,Japan,2
2137,Ryan SEWELL,United States of America,2
2138,Martin WATSON,United Kingdom,2
2139,Adam WATSON,United Kingdom,2
2140,David leandro SAIKIN,Argentina,2
2141,Hugo BERNARD-BRUNEL,France,2
2142,Nikita SUYUSHKIN,Russia,2
2143,Sebastian PRIETO PERILLA,Colombia,2
2144,Petr CERMAK,Czechia,2
2145,Guy SHAFIR,Israel,2
2146,Ricardo NEVES,Portugal,2
2147,Alon REINER,Israel,2
2148,Konstantin PAYL,Russia,2
2149,Huda wardana AKBAR,Indonesia,2
2150,Indra YOGASWARA,Indonesia,2
2151,Ruizhi CHEN,China,2
2152,Ben HOBERG,United States of America,2
2153,Owen GRAHAM,United States of America,2
2154,Luke TILLEY,United Kingdom,2
2155,Seymur CAMALZADE,Azerbaijan,2
2156,András KIRÁLY,Hungary,2
2157,Jan JELIGA,Czechia,2
2158,Aleksander ROMANOWSKI,Poland,2
2159,Zoltán KOMJÁTI,Hungary,2
2160,Carlos PRECIADO BRIÓN,Spain,2
2161,Gregers GATZWILLER,Denmark,2
2162,Cingiz TAGIZADE,Azerbaijan,2
2163,Daniel GINGRAS,Canada,2
2164,Dominic LABARGE,United States of America,2
2165,Alexey NAZAROV,Kazakhstan,2
2166,Oleg BELIAKOV,Russia,2
2167,Jonathan HUERTA ESPINOZA,Mexico,2
2168,Nicholas MILBURN,United States of America,2
2169,Dominik LEINENBACH,Germany,2
2170,Rinat RAHIMKHANOV,Azerbaijan,2
2171,Mamuka KHUTSISHVILI,Georgia,2
2172,Chingiz TAGHIZADE,Azerbaijan,2
2173,Amil ALIYEV,Azerbaijan,2
2174,Davide BUOSO,Italy,2
2175,Maksim DIACHKOV,Russia,2
2176,Youngwook HER,Republic of Korea,2
2177,Brian ANTHEUNISSE,United States of America,2
2178,Seungbin CHOI,Republic of Korea,2
2179,Daragh O CONNOR,Ireland,2
2180,Hugo MEIGNAN,France,2
2181,Karol DENIS,Poland,2
2182,Josue MANOSALVAS,Ecuador,2
2183,Yuzuru IIDA,Japan,2
2184,Daniel FISHER,Australia,2
2185,Jesse TAPLIN,Canada,2
2186,Louis PARKINSON,United Kingdom,2
2187,Héctor adrián MARTÍNEZ CORDERO,Mexico,2
2188,Tzu-hsiang CHIN,Taiwan,2
2189,Levin SCHILLING,Germany,2
2190,Nazaret CALVENTE SANTANA,Spain,2
2191,Jarred JORDAN,Australia,2
2192,Tristen GOSSELIN,Canada,2
2193,Lowie LAMBERECHTS,Belgium,2
2194,Wesley BLACK,South Africa,2
2195,Brage BIRKELUND OLSEN,Norway,2
2196,Oldrich KLAPAL,Czechia,2
2197,Kin wah LAI,Canada,2
2198,Ajij SHAIKH,India,2
2199,Somnath ramdas SHINDE,India,2
2200,Vicky BHALERAO,India,2
2201,Mohammadhossein SAGHARI,Iran (Islamic Republic of),2
2202,Irfan SHAIKH,India,2
2203,Saman SHRESTHA,Nepal,2
2204,Ivan PEVEC,Croatia,2
2205,Nikola KRAMARIC,Croatia,2
2206,Krešimir MORIĆ,Croatia,2
2207,Falco FILOTTO,Botswana,2
2208,Martin PENKOV,Bulgaria,2
2209,Tristan CHEN,United States of America,2
2210,Thomas HOLM BLAABJERG,Denmark,2
2211,Anton SCHRAMM,Germany,2
2212,Georgios BERNIDAKIS,Greece,2
2213,Nathan CLAIR,France,2
2214,Ryo INOUE,Japan,2
2215,Xu HAORAN,China,2
2216,Nathan PRICE,United States of America,2
2217,Rob DENAYER,Belgium,2
2218,Karlo ČUBRIĆ,Croatia,2
2219,Charlie SCHREIBER,United States of America,2
2220,Jongseok SON,Republic of Korea,2
2221,Kentin BOULAY,France,2
2222,Yongcheng LIU,China,2
2223,Saeed SAFARI,Iran (Islamic Republic of),2
2224,Guy LIFSHITZ,Israel,2
2225,Shuangxi MO,China,2
2226,Andrey YURIN,Kazakhstan,2
2227,Yuya KITAE,Japan,2
2228,Teeraphon BOONDECH,Thailand,2
2229,Lokesh RANJAN,India,2
2230,Elias EDVARDSEN,Denmark,2
2231,Stefan SCHMIEG,Germany,2
2232,Sarp SAHIN,Turkey,2
2233,Dombrovskis ARTŪRS,Latvia,2
2234,Manuel filipe CARVALHO,Portugal,2
2235,Louis DEBRULLE,Belgium,2
2236,Ivan FILIPIUK,Ukraine,2
2237,Bryam MORENO,Ecuador,2
2238,Luke RODLEY,United States of America,2
2239,Joseph CZUBKOWSKI,United Kingdom,2
2240,Thomas MATTHEWS,United Kingdom,2
2241,Samuel OAKES,United Kingdom,2
2242,Peter DAWSON,United Kingdom,2
2243,Tom GAUQUELIN,France,2
2244,Klemen NOVAK,Slovenia,2
2245,Pouya SHAFENEJAD,Iran (Islamic Republic of),2
2246,Nadav GROPPER,Israel,2
2247,Mehdi ALIPOURSHENAZANDI,Iran (Islamic Republic of),2
2248,Almaz NAGAEV,Russia,2
2249,Matej BURIAN,Czechia,2
2250,Kye WOTTON,Canada,2
2251,XueBan YANG,China,2
2252,YuXu LI,China,2
2253,Tay KUAN LIANG,Singapore,2
2254,Seongmin EOM,Republic of Korea,2
2255,Donghyeon KIM,Republic of Korea,2
2256,Jakob ELLIOTT,Canada,2
2257,Ching Huei CHANG,Taiwan,2
2258,Colin WILLS,United States of America,2
2259,Matt FULTZ,United States of America,2
2260,David TRUDEAU,Canada,2
2261,Yarden PILPEL,Israel,2
2262,Jakub Jiri SVUB,Slovakia,2
2263,Maksim LIND,Estonia,2
2264,MUHAMMET NURİ AYDEMİR,Turkey,2
2265,Oleksandr PAVLENKO,Ukraine,2
2266,Artem HLUSHKO,Ukraine,2
2267,Griffin BARROS-KING,United States of America,2
2268,Arthur GUINET,France,2
2269,Evgenii KALASHNIKOV,Russia,2
2270,Šimon POTŮČEK,Czechia,2
2271,Wan Jae JO,Republic of Korea,2
2272,Brandon BARRACLOUGH,Canada,2
2273,Milad ALIPOUR SHENAZANDIFARD,Iran (Islamic Republic of),2
2274,Ehsan DELFANIYAN,Iran (Islamic Republic of),2
2275,Thomas SALAKENOS,Belgium,2
2276,Dylan BARKS,United States of America,2
2277,Tommi HAAPALA,Finland,2
2278,Ionut-Cosmin ATOMEI,Romania,2
2279,Muhammad Taqiuddin BIN MOHD ZULKIFLI,Malaysia,2
2280,Mohd Izzat MOHD SHOKOR,Malaysia,2
2281,Sirapob JIRAJATURAPAK,Thailand,2
2282,Shuo XU,China,2
2283,Tom O'HALLORAN,Australia,2
2284,Pema Thendup BHUTIA,India,2
2285,Soso GABULDANI,Georgia,2
2286,Aripin ZAENAL,Indonesia,2
2287,Wonwoo HAN,Republic of Korea,2
2288,Minsoo PARK,Republic of Korea,2
2289,Lucas PEDROZA DIAZ DE LEÓN,Mexico,2
2290,Franz josef WEBER,Mexico,2
2291,Oliver KUANG,United States of America,2
2292,Silas CHANG,United States of America,2
2293,Terence SARAMANDIF,Mauritius,2
2294,Ignas KISIELIUS,Lithuania,2
2295,Ilmari PIIROINEN,Finland,2
2296,Maximilian LENZ,Austria,2
2297,Ivan LUO,Canada,2
2298,Joshua MENNELL,Australia,2
2299,Aaron MATTES,Australia,2
2300,Sahil KHAN,India,2
2301,Glenn BAKRI (Current),Indonesia,2
2302,Raamaski ASWIN KRISTANTO,Indonesia,2
2303,Ying-chieh WEN,Taiwan,2
2304,Dong jun KIM,Republic of Korea,2
2305,Adrien LEVESQUE,Canada,2
2306,Jack WHITNEY (Current),Canada,2
2307,Evan HOMAN (Current),United States of America,2
2308,Joey KIM,United States of America,2
2309,Aiden YANEV,Australia,2
2310,Birgir óli SNORRASON,Iceland,2
2311,Jose tomas LEDESMA,Chile,2
2312,Chad HORTON,Australia,2
2313,Emiliano TORRIJO (Current),Chile,2
2314,Nima SANGZHU (Current),China,2
2315,Sólon Thorberg HELGASON (Current),Iceland,2
2316,Andreas KANARI (Current),Cyprus,2
2317,Eliáš KYSELA (Current),Slovakia,2
2318,Cristian RÂPĂ (Current),Romania,2
2319,John-David MULLER (Current),South Africa,2
2320,Ethan FREUDENHEIM (Current),United States of America,2
2321,Jonas KÖRNER (Current),Germany,2
2322,Aman VERMA (Current),India,2
2323,Chuluunbaatar MANDAKHBAYAR (Current),Mongolia,2
2324,Max MENGUAL (Current),France,2
2325,Yousef FATANI (Current),Saudi Arabia,2
2326,Jintao LUO (Current),China,2
2327,Ian TAN (Current),Canada,2
2328,Wei XIAO (Current),China,2
2329,Andre Ho JIN RUI (Current),Singapore,2
2330,"Ezell, Qing Wei LOW (Current)",Singapore,2
2331,Cozmo ROTHFORK (Current),United States of America,2
2332,Tomas CASAS (Current),Costa Rica,2
2333,Taede MAI (Current),United States of America,2
2334,Logan SCHLECHT (Current),United States of America,2
2335,Asael PEREZ (Current),Venezuela (Bolivarian Republic of),2
2336,Gunnar Egill GUÐLAUGSSON (Current),Iceland,2
2337,Hugo TALVISALMI (Current),Finland,2
2338,Paul HAIDER (Current),Austria,2
2339,Emmanuel ONYANGO (Current),Uganda,2
2340,Matthäus KATHAN (Current),Austria,2
2341,Gianluca VIGHETTI (Current),Italy,2
2342,Rafael GALINDO (Current),Venezuela (Bolivarian Republic of),2
2343,Gianfranco DIAZ (Current),Venezuela (Bolivarian Republic of),2
2344,Matteo SOULE (Current),France,2
2345,Aurélien GAYRARD (Current),France,2
2346,Joshua JAN (Current),United States of America,2
2347,Inbar Doron SELA (Current),Israel,2
2348,Hugo Zhi Tao CHAN (Current),"China, Hong Kong Special Administrative Region",2
2349,Timothy James FOLEY (Current),Canada,2
2350,Bryce NIX (Current),United States of America,2
2351,Frederick WILLIAMS (Current),United Kingdom,2
2352,Adam ENDRLE (Current),Czechia,2
2353,Briq MIDDELBURG (Current),Netherlands,2
2354,Camille CLAUDE (Current),France,2
2355,Alexis NAIME (Current),Lebanon,2
2356,Petar DOŽIĆ (Current),Serbia,2
2357,Matevž MARGON (Current),Slovenia,2
2358,George TANASĂ (Current),Romania,2
2359,Adrian KATHAN (Current),Austria,2
2360,Mustafa Sacit SÜMER (Current),Turkey,2
2361,Leo Shung In LAM (Current),"China, Hong Kong Special Administrative Region",2
2362,Fin Luc SANDECK (Current),Australia,2
2363,Salvador FLORES (Current),Chile,2
2364,Sangwon CHOI (Current),Republic of Korea,2
2365,Adam FILIP (Current),Czechia,2
2366,Ihor PICHKA (Current),Ukraine,2
2367,Haku OISHI (Current),Japan,2
2368,Ahren CASTILLO (Current),Guatemala,2
2369,Héctor BAZAN MARTÍN,Spain,1
2370,Tomas PILKE,Czechia,1
2371,Zoltan CSER,Hungary,1
2372,Ron KAUK,United States of America,1
2373,Andrej MARCISZ,Poland,1
2374,Pat ADAMS,United States of America,1
2375,Alain GHERSEN,France,1
2376,Ian VINCENT,United Kingdom,1
2377,Ben MASTERSON,United Kingdom,1
2378,Alexandre DUBOC,France,1
2379,Bob BERGMAN,Canada,1
2380,Tom HERBERT,United States of America,1
2381,Jan-martin ROELOFS,Netherlands,1
2382,Brian BERGMAN,Canada,1
2383,Vlad BONDARENCO,Russia,1
2384,Mick LOVATT,United Kingdom,1
2385,Pete OXLEY,United Kingdom,1
2386,Volker WÜSTERMANN,Germany,1
2387,Sebastian KOSTKIEWICZ,Poland,1
2388,Takashi IWAMORI,Japan,1
2389,Shibata TOMOHIRO,Japan,1
2390,Ivan VIGIL,Mexico,1
2391,Satoru KAMAMURA,Japan,1
2392,Hujine KAI,Japan,1
2393,Sadao SHIMADA,Japan,1
2394,Ernesto TERRONES,Mexico,1
2395,Simon PARBOOSINGH,Canada,1
2396,Wei HE,China,1
2397,D. LIM,Republic of Korea,1
2398,Mohit OBEROI,India,1
2399,Jong-sik KIM,Republic of Korea,1
2400,Chi-loi TANG,"China, Hong Kong Special Administrative Region",1
2401,Paramjit SINGH,India,1
2402,Tong-song CHEN,Taiwan,1
2403,Kusano TOSIMICHI,Japan,1
2404,Sugino TAMOTU,Japan,1
2405,Saleb KAZUYOSHI,Japan,1
2406,Clemens LOSKOT,Austria,1
2407,Giorgio MANICA,Italy,1
2408,Kornel RAVADITS,Hungary,1
2409,Jakob DRÖMMER,Germany,1
2410,Henrik SUIKHONEN,Sweden,1
2411,Andras TIBOLDI,Hungary,1
2412,Ivan TEMELKOV,Bulgaria,1
2413,Petrov PLAMEN,Bulgaria,1
2414,Andrea DI BARI,Italy,1
2415,Stéphane BRETTE,France,1
2416,Alec BRONITZ,Belgium,1
2417,Marzio NARDI,Italy,1
2418,Ernestino COCCHETTI,Italy,1
2419,Alessandro LAMBERTI BOCCONI,Italy,1
2420,Keefe MURPHY,Ireland,1
2421,Pierre MASSCHELEIN,Belgium,1
2422,Christoph HELMA,Austria,1
2423,Jan STRECKO,Slovakia,1
2424,Samuel DELSINNE,France,1
2425,Ernst RAINER,Austria,1
2426,Thomas HUBER,Germany,1
2427,Tomas CADA,Czechia,1
2428,Krzysztof KUCHARCZYK,Poland,1
2429,Dorian SUC,Slovenia,1
2430,Jose FERREIRA,Portugal,1
2431,Tsutomu TANAKA,Japan,1
2432,Plamen DEKOV,Bulgaria,1
2433,Leszek MILCZAREK,Poland,1
2434,O. ROUMEGOUX,France,1
2435,J. SHARPE,United Kingdom,1
2436,Javier CARRERAS PORTELA,Spain,1
2437,X. KATYS,Canada,1
2438,Steven BRADSHAW,South Africa,1
2439,Roland MULLER,Luxembourg,1
2440,Tibor FULÖP,Hungary,1
2441,Andreas HOFMANN,Germany,1
2442,Boris CUJIC,Croatia,1
2443,Kuen-taek LEE,Republic of Korea,1
2444,Kouichi OHGA,Japan,1
2445,Tuneo KATO,Japan,1
2446,Kazuyoshi SATOU,Japan,1
2447,Tomohiro SHIBATA,Japan,1
2448,Jie-eun KIM,Republic of Korea,1
2449,Yuzuki KUROZUMI,Japan,1
2450,Kazuhiro MINOWADA,Japan,1
2451,Kazuaki OHNISHI,Japan,1
2452,Hugh WIDDOWSON,New Zealand,1
2453,Lin NAI-HSYIN,Taiwan,1
2454,Ting-wai WONG,"China, Hong Kong Special Administrative Region",1
2455,Tang-yee NG,"China, Hong Kong Special Administrative Region",1
2456,Lou SHEN,China,1
2457,Wang WONGPENG,China,1
2458,Paul GIERES,Luxembourg,1
2459,Hak kil LEE,Republic of Korea,1
2460,Ivica FRANCESCHI,Croatia,1
2461,Vlado PAUSIC,Croatia,1
2462,Benjamin MAZUER,France,1
2463,Nicolas JAVEL,France,1
2464,Alv BORGE,Norway,1
2465,Kenny MATYS,United States of America,1
2466,Hector DELCAMPO,Belgium,1
2467,Stefan MILOTA,Romania,1
2468,Tom BRAUN,Luxembourg,1
2469,Cristinel constantin PRODAN,Romania,1
2470,Raikhan GALIAKBAROV,Russia,1
2471,Rudolf MIHAL,Slovakia,1
2472,Alexandre MINAEV,Russia,1
2473,Daniel BELBEA,Romania,1
2474,Yaroslav GOLOVACHEV,Ukraine,1
2475,Hristo STOYANOV,Bulgaria,1
2476,Tony YANIRO,United States of America,1
2477,Arno DIMMLER,Germany,1
2478,Seth JOHNSTON,Canada,1
2479,Jung-peel CHOI,Republic of Korea,1
2480,Warwick FOX,Australia,1
2481,Jae-kyung RYU,Republic of Korea,1
2482,Karel JARCHOVSKY,Czechia,1
2483,Georg HOFFMANN,Germany,1
2484,Gregor JAEGER,Germany,1
2485,Pavel RYVA,Czechia,1
2486,Mike DOWNING,United States of America,1
2487,Tim ROGERS,South Africa,1
2488,Jeremy COLENSO,South Africa,1
2489,Ion MARCUS,Romania,1
2490,Serguei IVANOV,Russia,1
2491,Jürgen ANTHONI,Belgium,1
2492,Bernhard SCHARMER,Austria,1
2493,Björn BALDURSSON,Iceland,1
2494,James HOLBROOK,Australia,1
2495,Sergey RYLOV,Ukraine,1
2496,Evgeni GIRNOV,Uzbekistan,1
2497,Vladimir SAVRASOV,Uzbekistan,1
2498,Vasily MILCHEVSKY,Russia,1
2499,Rustam TULANOV,Uzbekistan,1
2500,Vano GULEDANI,Georgia,1
2501,Levan GURCHIANI,Georgia,1
2502,Phillip HIGGINS,New Zealand,1
2503,Besik KIZIRIA,Georgia,1
2504,Michael PIETKEVICH,Latvia,1
2505,Olivier FOURBET,France,1
2506,Jae-hun HAN,Republic of Korea,1
2507,Marcello BRUCCINI,Italy,1
2508,Stéphane FRESSOZ,France,1
2509,Kenji IIYAMA,Japan,1
2510,John david DUNNE,United Kingdom,1
2511,Ed MORGAN,United Kingdom,1
2512,Robert MIRFIN,United Kingdom,1
2513,Guy HOLWILL,South Africa,1
2514,Dionisios STRAVOGENIS,Greece,1
2515,Bernhard WOLF,Germany,1
2516,Jürgen HÖFLE,Austria,1
2517,Thomas JOHNSTONE,Austria,1
2518,Michi TRESCH,Switzerland,1
2519,Petr WAGNER,Czechia,1
2520,Daniel NIKOV,Bulgaria,1
2521,Viktor TRACEVSKI,Ukraine,1
2522,Martin HÄUSLER,Germany,1
2523,David OLDS,South Africa,1
2524,Aaron TONKS,United Kingdom,1
2525,Roger VALTONEN,Sweden,1
2526,Jose manuel VELAZQUES PEREZ,Spain,1
2527,Peter VINCZE,Hungary,1
2528,Anze SANCA,Slovenia,1
2529,Gheorghe POP,Romania,1
2530,Noah BIGWOOD,United States of America,1
2531,Oliver TINNER,Switzerland,1
2532,Leif henning broch JOHNSEN,Norway,1
2533,Frédéric VIONNET,France,1
2534,Markus BOCK,Germany,1
2535,Ben BRANSBY,United Kingdom,1
2536,Christian SIMION,Romania,1
2537,Ben RYAN,New Zealand,1
2538,Nikolaos THEODOROU,Greece,1
2539,Ioannis TSAOUSIS,Greece,1
2540,Barry DURSTON,United Kingdom,1
2541,Alexei SHALYGIN,Russia,1
2542,Iker POU,Spain,1
2543,Martin LAMA,Australia,1
2544,Josef STÖCKL,Austria,1
2545,Kevin BRANFORD,United States of America,1
2546,Stanko ZIDAN,Slovenia,1
2547,Cristian JOANTA,Romania,1
2548,Henrik RUTHER,Sweden,1
2549,Mikael MEYER,Sweden,1
2550,Gazos NIKOLAOS,Greece,1
2551,Theos EVANGELIOS,Greece,1
2552,Henrik BOLANDER,Sweden,1
2553,Roman STEFANEK,Czechia,1
2554,Gianluca COGO,Italy,1
2555,Deok jung KIM,Republic of Korea,1
2556,Luca MODONI,Italy,1
2557,Pietro BASSOTTO,Italy,1
2558,Andrea PLAT,Italy,1
2559,Massimo DA POZZO,Italy,1
2560,Ackermann THOMAS,Switzerland,1
2561,Oscar AMICI,Italy,1
2562,Won-il CHOI,Republic of Korea,1
2563,Peter TOPERCER,Slovakia,1
2564,Pashalis ZAFEIRIADIS,Greece,1
2565,Julien BARBIER,France,1
2566,Yves HASBANI,France,1
2567,Nicola PESAVENTO,Italy,1
2568,Eugen LAZAR,Romania,1
2569,Marco INAKI,Spain,1
2570,Corentin LE GOFF,France,1
2571,Loic DIDION,France,1
2572,Carlos SUAREZ,Spain,1
2573,Sergio SANCHEZ,Spain,1
2574,Jesus MARTIN,France,1
2575,Jos LEENEN,Netherlands,1
2576,Jürgen GOTTFRIED,Germany,1
2577,Tony FOUCHEREAU,France,1
2578,Thibault LE SCOUR,France,1
2579,Ahmed BRAHIMI,France,1
2580,Serge THERR,France,1
2581,Etienne POUCHELET,France,1
2582,Oscar MARTINEZ,Spain,1
2583,Steve BIRTWISTLE,Canada,1
2584,Mathieu ELKAIM,France,1
2585,Nels ROSAASEN,Canada,1
2586,Frédéric PEROT,France,1
2587,Julien MAZILLE,France,1
2588,David MARNEZY,France,1
2589,Serguei STEPANOV,Russia,1
2590,Roland PERETTI,Switzerland,1
2591,Serguej ARIFULIN,Ukraine,1
2592,Stefan SIGMUND,Germany,1
2593,Manuel HASSLER,Switzerland,1
2594,Juan josé FERDANDEZ,Chile,1
2595,Alexandre PARANHOS,Brazil,1
2596,Sergio quiroga MARABOLI,Chile,1
2597,Kin-wing LAU,"China, Hong Kong Special Administrative Region",1
2598,Paul SMITH,United Kingdom,1
2599,Gabor PASARETI,Hungary,1
2600,Gabor SZELEYI,Hungary,1
2601,Balasz KOVACS,Hungary,1
2602,Stefano RASPO,Italy,1
2603,Christian BRANDTNER,Austria,1
2604,Tomas MICHALKO,Slovakia,1
2605,Markus SCHWAIGER,Austria,1
2606,Bruno RUEDISSER,Austria,1
2607,Adam HOCKING,United Kingdom,1
2608,Enrico BAISTROCCHI,Italy,1
2609,Varga GABOR,Hungary,1
2610,Svetozar ANTOVIK,The former Yugoslav Republic of Macedonia,1
2611,Jiro NAKAGAI,Japan,1
2612,Boyco MARINOV,Bulgaria,1
2613,Todor DJAMBAZOV,Bulgaria,1
2614,Spiridon GEZERLIS,Greece,1
2615,Goran KUZMANOVSKI,The former Yugoslav Republic of Macedonia,1
2616,Emmanuel LAURENCE,France,1
2617,Laurent FILOCHE,France,1
2618,Gael GUENNEBAUD,France,1
2619,Sylvain MALLET,France,1
2620,Arnaud BOULET,France,1
2621,Pierre HARBOURG,France,1
2622,Joseba SAIZ,Spain,1
2623,Ingo WALDE,Germany,1
2624,Theodoros KONSTANDAKOPULOS,Germany,1
2625,Jérome CECCALDI,France,1
2626,Olivier CHAU-UHU,France,1
2627,Hugo ALLARD,France,1
2628,Jocelyn LOUBRIAT,France,1
2629,Andres FAJARDO,Colombia,1
2630,Olaw MAINARDI,Italy,1
2631,Marco NESCATELLI,Italy,1
2632,Uros PERKO,Slovenia,1
2633,Robin VICERY,Denmark,1
2634,Steven JEFFREY,United States of America,1
2635,Maruki FUTOSHI,Japan,1
2636,Christian ILLUM,Denmark,1
2637,Philip MOSER,Germany,1
2638,Lucas KOMAKHIDZE,Georgia,1
2639,Jung-hee HAN,Republic of Korea,1
2640,Dawid SKOCZYLAS,Poland,1
2641,Gustav KAMF,Sweden,1
2642,Steve DUNNING,United Kingdom,1
2643,Andy HARRIS,United Kingdom,1
2644,Stuart CAMPBELL,United Kingdom,1
2645,Eka bayu PRABOWO,Indonesia,1
2646,Mamat MOHD. FAISAL,Malaysia,1
2647,"Yean tze, eric LOW",Malaysia,1
2648,Rahmaliki BIN MOHAMMAD,Malaysia,1
2649,Daniel ABDULLAH,Malaysia,1
2650,Azizul BIN AFFANDI,Malaysia,1
2651,Aldo ITURBE,Mexico,1
2652,Ludovic STELMASZYK,France,1
2653,Sébastien GNECCHI,France,1
2654,Oleksandr ZELINSKY,Ukraine,1
2655,Nikolay EREMIN,Belarus,1
2656,Vladislav TYURIN,Kazakhstan,1
2657,Xavier DROGUET,France,1
2658,Franck ANSQUER,France,1
2659,Yegor LOS,Ukraine,1
2660,Ben HEASON,United Kingdom,1
2661,Andre NOREL,Netherlands,1
2662,Eduardas JERIOMENKO,Lithuania,1
2663,Filip DONCHEV,Bulgaria,1
2664,Pjahns ROMANS,Latvia,1
2665,Caden REEDY,United States of America,1
2666,Emilien CASADO,France,1
2667,Johannes EGGER,Italy,1
2668,Matei MUNTEANU,Romania,1
2669,Alexandru OLTEANU,Romania,1
2670,Frede RASMUSSEN,Denmark,1
2671,Róbert SÁNTHA,Romania,1
2672,Bence FUKSZ,Hungary,1
2673,Philipp GÖTHERT,Germany,1
2674,Mehdi ALIPOUR SHENAZANDIFARD,Iran (Islamic Republic of),1
2675,Sergei RUKIN,Russia,1
2676,Denis KARPIKOV,Russia,1
2677,Iaroslav PASHKOV,Russia,1
2678,Joshua FOURTEAU,France,1
2679,Paolo STERNI,Italy,1
2680,Cody STEVENSON,United States of America,1
2681,Filip KURTOVIĆ,Croatia,1
2682,Filippos LAVRENTAKIS-RIGAKIS,Greece,1
2683,Adam STACK,United States of America,1
2684,Mike MOELTER,United States of America,1
2685,Peter WOODS,Canada,1
2686,Gábor VARGA,Hungary,1
2687,Simon VILLENEUVE,Canada,1
2688,Ruslan ASTASHOV,Russia,1
2689,Mikhail GOLOUBKOV,Russia,1
2690,Nathan BANCROFT,United States of America,1
2691,Alessio DEIANA,Italy,1
2692,Kazuhiro CHIBA,Japan,1
2693,Chih-yung CHEN,Taiwan,1
2694,Xi-nan LIU,China,1
2695,Kai shun TSANG,"China, Hong Kong Special Administrative Region",1
2696,Kai ZHAO,China,1
2697,Ying-kit LI,"China, Hong Kong Special Administrative Region",1
2698,Ge CHEN,China,1
2699,Sultoni SULAIMAN,Indonesia,1
2700,Christian TOLLINGER,Austria,1
2701,Robert HEINRICH,Germany,1
2702,Petr SOLANSKY,Czechia,1
2703,Sebastian HARTUNG,Germany,1
2704,Thomas WIKI,France,1
2705,Vasil TASEVSKI,The former Yugoslav Republic of Macedonia,1
2706,Matthias HAMLIN,Sweden,1
2707,Jamie CASSIDY,United Kingdom,1
2708,Ben MORTON,United Kingdom,1
2709,Giovanni LAVANNA,Italy,1
2710,Nicolas ECOFFET,France,1
2711,Mateusz HALADAJ,Poland,1
2712,Michl KAISER,Germany,1
2713,Frabçois JEANSON,France,1
2714,Hubberth kristian GUERRERO,Philippines,1
2715,Yanfeng SONG,China,1
2716,Neil MAWSON,United Kingdom,1
2717,Shogo MUROOKA,Japan,1
2718,Simon WILSON,Australia,1
2719,Chenyu SHANG,China,1
2720,Rojak ERIANTO,Indonesia,1
2721,Claus vedel JENSEN,Denmark,1
2722,Lars WITTROCK,Denmark,1
2723,Henrik SVENDSEN,Denmark,1
2724,Martin CHRISTENSEN,Denmark,1
2725,Marcos JUBES,Venezuela (Bolivarian Republic of),1
2726,Jose luis penin FRANCO,Spain,1
2727,Ignacio fuertes OLLES,Spain,1
2728,Loukas NTOURNTOUREKAS,Greece,1
2729,Massimo BATTAGLIA,Italy,1
2730,Jan ZBRANEK,Czechia,1
2731,Ivan LARRION,Spain,1
2732,Niels VAN DUYN,Netherlands,1
2733,Jose l. PENIN,Spain,1
2734,Tom BOLGER,United Kingdom,1
2735,Ryo FUJIWARA,Japan,1
2736,Christian ROUX,France,1
2737,Kenta FURUSAKA,Japan,1
2738,Alexander SHUMKO,Russia,1
2739,Nikolai KUZOVLEV,Russia,1
2740,Egor GUTORIN,Russia,1
2741,Dmitriy OLSHEVSKII,Russia,1
2742,Evgeny PESHEKHONOV,Russia,1
2743,Denis MALININE,Russia,1
2744,Yevgen RYAZANOV,Ukraine,1
2745,Michael FEINBERG,United States of America,1
2746,Andriy TISHCHENKO,Ukraine,1
2747,Sindre SAETERI,Norway,1
2748,Jon egil AUESTAD,Norway,1
2749,Chad GILBERT,United States of America,1
2750,Thomas COUCHOT,France,1
2751,Olivier FAVRESSE,Belgium,1
2752,Didier MOTTART,Belgium,1
2753,Florian MATERNE,Belgium,1
2754,Kosuke HIRAMATSU,Japan,1
2755,Daniel FUERTES OLLES,Spain,1
2756,Alan PRYCE,Australia,1
2757,Prajak KHUNRAT,Thailand,1
2758,Iliyan MIHAYLOV,Bulgaria,1
2759,Rumen NESHEV,Bulgaria,1
2760,Mincho PETKOV,Bulgaria,1
2761,Metodi ZARCHEV,Bulgaria,1
2762,Roland PINGGERA,Austria,1
2763,Remmelt DIRKSEN,Netherlands,1
2764,Simon STEVENS,Australia,1
2765,Per HOLM,Sweden,1
2766,Andrey LADNIY,Russia,1
2767,Kirill D'YAKONOV,Russia,1
2768,Pavel PESKIN,Russia,1
2769,Vladimir MURZAEV,Russia,1
2770,Stanislav SHMATKO,Russia,1
2771,Balint KAMVAS,Hungary,1
2772,Serguei TERENTIEV,Russia,1
2773,Ardian ASHAR,Indonesia,1
2774,Haerul ARIEP,Indonesia,1
2775,Ridwan NOVI,Indonesia,1
2776,Abudzar YULIANTO,Indonesia,1
2777,Bakhori HAFNIZAM,Malaysia,1
2778,Susanto IRIT,Indonesia,1
2779,Galar pandu ASMORO,Indonesia,1
2780,Mohd redha ROSLAN,Malaysia,1
2781,Hong jie LOW,Malaysia,1
2782,Dhansarit MEESEAT,Thailand,1
2783,Mohd hamizan YUSOF,Malaysia,1
2784,Mohd fiaz ADNAN,Malaysia,1
2785,Zul hilmi ARIFF FAZILAN,Malaysia,1
2786,Wan lukman HAKIM,Malaysia,1
2787,Fengle CHEN,China,1
2788,Kunihiro FUJIEDA,Japan,1
2789,Millan MOYANO MANZANO,Spain,1
2790,Torsten SCHULDT,Germany,1
2791,Andrei NUTU,Romania,1
2792,Zafeiris KAMAROPOULOS,Greece,1
2793,Christophe TREUILHE,France,1
2794,Edvinas SMIGELSKIS,South Africa,1
2795,Jordan BUYS,United Kingdom,1
2796,Mümin KARABAS,Turkey,1
2797,Tomasz WOJCIECHOWSKI,Poland,1
2798,Hamish SAUL,Australia,1
2799,Pavlo ONOPRIENKO,Ukraine,1
2800,Yevgen PALLADIY,Ukraine,1
2801,Lukasz SMAGALA,Poland,1
2802,Bartosz KOWAL,Poland,1
2803,Téo GENECAND,Switzerland,1
2804,Sobhan JAFARI MAHMOUDABADI,Iran (Islamic Republic of),1
2805,Artimes FARSHAD YEGANEH,Iran (Islamic Republic of),1
2806,Reza PILPA,Iran (Islamic Republic of),1
2807,Maximilian WÖRNER,Germany,1
2808,Christian EHLERT,Mexico,1
2809,Jonathan URBINA,Venezuela (Bolivarian Republic of),1
2810,Rafal POREBSKI,Poland,1
2811,Benoit HEURTAUX,France,1
2812,Alexander HILLE,Germany,1
2813,Lars PROSKE,Germany,1
2814,Sung-hoon KANG,Republic of Korea,1
2815,Syuhei TANAKA,Japan,1
2816,Killian AVOCAT-BENAN,France,1
2817,Robin SUTTON,United Kingdom,1
2818,Matthew STORER,Australia,1
2819,Mario LACKNER,Austria,1
2820,Marijus SMIGELSKIS,South Africa,1
2821,Mark HOBSON,United States of America,1
2822,Matt BOSLEY,United States of America,1
2823,Grady BAGWELL,United States of America,1
2824,Joe CZERWINSKI,United States of America,1
2825,Minko NIKOLOV,Bulgaria,1
2826,Simon PARTON,Canada,1
2827,Tyler HAACK,United States of America,1
2828,Tony MUSSELBROOK,United Kingdom,1
2829,Arturo CAMPOS SALVADOR,Spain,1
2830,Ignacio FUERTES OLLES,Spain,1
2831,Pavel ISAEV,Russia,1
2832,Andrey KLIZUBOV,Russia,1
2833,Yaroslav POPKOV,Russia,1
2834,Anton PRYSTOMAU,Belarus,1
2835,Dmitry STEPANOV,Russia,1
2836,Yaroslav SHAFRANSKYI,Ukraine,1
2837,Andrey SHILENBERG,Russia,1
2838,Bogdan POSMASHNYY,Russia,1
2839,Alexey BELCHIKOV,Russia,1
2840,Anton PODZOROV,Ukraine,1
2841,Evgeniy SHIROKOV,Russia,1
2842,Quentin MANZATO,France,1
2843,Brian KIM,United States of America,1
2844,Valdo CHILESE,Italy,1
2845,Imre SEDEVI,Romania,1
2846,Vladislav VALIEV,Russia,1
2847,Eric BERTHE,Belgium,1
2848,Benjamin SILLMANN,Germany,1
2849,Kirill SEMENOV,Russia,1
2850,Luka PERUNOVIC,Serbia,1
2851,Leusca RAIMOND,Romania,1
2852,Hirotaro HOSHINA,Japan,1
2853,Juergen MOOSBRUGGER,Austria,1
2854,Nicolai SCHAFFARCZIK,Germany,1
2855,Frank JAENECKE,Germany,1
2856,Farkas SIKTER,Hungary,1
2857,Csaba SZELL,Hungary,1
2858,Maxim ZOLOTUKHIN,United States of America,1
2859,Marius emil DANILA,Romania,1
2860,Ricardo DE LEEUW,Netherlands,1
2861,Panayiotis SOTIRIS,Greece,1
2862,Mateusz PUZON,Poland,1
2863,Michael FOLEY,United States of America,1
2864,Marc ARAUZ MASSOT,Andorra,1
2865,Boris EGOROV,Russia,1
2866,Salvador GARCIA MIRACLE,Andorra,1
2867,Julio ARCE,Costa Rica,1
2868,Alexey BOBYLEV,Russia,1
2869,Damon MCNEIL,New Zealand,1
2870,Stefan GERRITSEN,Netherlands,1
2871,Marcel DIPPON,Germany,1
2872,Miroslav HRASKO,Slovakia,1
2873,Yaniv HECHT,Israel,1
2874,Adam SZOLD,Israel,1
2875,Bálint BURUCS,Hungary,1
2876,Luca BALTENSPERGER,Switzerland,1
2877,István ÁGH,Hungary,1
2878,Shinpei HASEGAWA,Japan,1
2879,Nicolas SHERMAN CUEVO,Colombia,1
2880,Tash clemens ZIELINSKI,Canada,1
2881,Carlos augusto GOUVEIA,Brazil,1
2882,Justin JONES,Canada,1
2883,Yegor MATVEENKO,Russia,1
2884,Sergey IVANOV,Russia,1
2885,Evgeniy CHERNYSHEV,Russia,1
2886,Artem GALUSHKO,Russia,1
2887,Alexey ILIN,Russia,1
2888,Alexander MASLOV,Russia,1
2889,Alexey ERIKOV,Russia,1
2890,Sergey SOKOLOV,Russia,1
2891,Pim CATTENSTART,Netherlands,1
2892,Benjamin VIBERG,Denmark,1
2893,Andrew POST,Canada,1
2894,Francesco CARTA,Italy,1
2895,Imashi HASHIMOTO,Japan,1
2896,Markus GRÜNEBACH,Germany,1
2897,Jesus alberto GONZALEZ ABARCA,Chile,1
2898,Emilien JOBERT,France,1
2899,Joakim EL ANHARI,France,1
2900,Vincent CHAVOT,France,1
2901,Clement CAILLEUX,France,1
2902,Baptiste MICHAUX,France,1
2903,Jan MODRZEJEWSKI,Poland,1
2904,Jeongsu LEE,Republic of Korea,1
2905,Chigon SEO,Republic of Korea,1
2906,Chia chu CHANG,Taiwan,1
2907,Mohsen MOHAMMADINEGAD,Iran (Islamic Republic of),1
2908,Omid SHEIKHBAHAEI,Iran (Islamic Republic of),1
2909,Pingsheng LAI,China,1
2910,Mathieu PAUWELS,Belgium,1
2911,Klemen KEJZAR,Slovenia,1
2912,Konrad OCIEPKA,Poland,1
2913,Simon BOSLER,Germany,1
2914,Andreas LEEMANN,Switzerland,1
2915,Jonas KREIS,Switzerland,1
2916,Arjan DE KOCK,South Africa,1
2917,Leopold FISCHER,Austria,1
2918,Luke MULLER,Canada,1
2919,Greg PADOVANI,United States of America,1
2920,Melle VROOM,Netherlands,1
2921,Wolter WESTDIJK,Netherlands,1
2922,Rob HUNTER,Ireland,1
2923,Ashleigh WOLSEY-HEARD,United Kingdom,1
2924,Erick CÓRDOVA A.,Honduras,1
2925,Tomas VILA,Argentina,1
2926,Ignacio BILMES,Argentina,1
2927,Patryk MOSKAL,Poland,1
2928,Patrick HEISINGER,Austria,1
2929,David ULLOA,Costa Rica,1
2930,Eduardo MORA PARIENTE,Mexico,1
2931,Andrii KYTAIKO,Ukraine,1
2932,Arseniy KURUNOV,Russia,1
2933,Nikolay FEDOROV,Russia,1
2934,Hryhorii LISOVSKYI,Ukraine,1
2935,Izzat SAAT,Malaysia,1
2936,Rikuto TAKEDA,Japan,1
2937,Mark ZENGO,Hungary,1
2938,Joseph GIFFORD,United States of America,1
2939,Yannick LIS,Belgium,1
2940,Santiago fernando VALERGA,Argentina,1
2941,Caio lopes DA SILVA,Brazil,1
2942,Steve HONG,United States of America,1
2943,Ben SPANNUTH,United States of America,1
2944,Shane PUCCIO,United States of America,1
2945,Kevin MACARTNEY,United States of America,1
2946,Sushi FIRAS,Jordan,1
2947,Bassam FALAH SALEH,Iraq,1
2948,Georges ANTOUN EMILE,Lebanon,1
2949,Elias GEORGES DIAB,Lebanon,1
2950,Dominik UHER,Czechia,1
2951,Stanislav PEKAREK,Czechia,1
2952,Akito TSUMORI,Japan,1
2953,Sergiy BARKOVSKYY,Ukraine,1
2954,Alessio GOSSO,Italy,1
2955,Lukas SCHNÖLLER,Austria,1
2956,Alex FRITZ,United States of America,1
2957,Diego LOPEZ MONTULL,Mexico,1
2958,Michael BAUTISTA,United States of America,1
2959,Ricardo MORELLI,Germany,1
2960,Martin MAYER,Germany,1
2961,Dimitrios SPARIS,Greece,1
2962,Tomas GUEVARA,Venezuela (Bolivarian Republic of),1
2963,Daehee YOON,Republic of Korea,1
2964,Sewoong OH,Republic of Korea,1
2965,Fred CHARRON,Canada,1
2966,Brad WEAVER,United States of America,1
2967,Andrew PALMER,United States of America,1
2968,Tom BONNERT,United Kingdom,1
2969,Amirhamzeh POURSHAFIE,Iran (Islamic Republic of),1
2970,Abdul qayum BIN ABD JALANI,Malaysia,1
2971,Andrew ang YUAN HANN,Malaysia,1
2972,Juozas BOBINA,Lithuania,1
2973,Ivo HÄFLIGER,Switzerland,1
2974,Gediminas MONASTYRECKIS,Lithuania,1
2975,Jaime hendrik QUINTANA,Peru,1
2976,Philip RATAJCZAK,Germany,1
2977,Felix LEUOTH,Germany,1
2978,Yohann DECHAMPS,France,1
2979,Nikolai BUHL,Germany,1
2980,Jan DE SMIT,Belgium,1
2981,Almatsgir KVITSIANI,Georgia,1
2982,Giorgi GOMIASHVILI,Georgia,1
2983,Galib SHIKHRAHIMOV,Azerbaijan,1
2984,Yasin ALI,Pakistan,1
2985,Teymur MAKSUTOV,Azerbaijan,1
2986,Yevgeniy CHELOMBYTKO,Ukraine,1
2987,Dmitriy BOGOMOLOV,Russia,1
2988,Arseniy KUPCHIK,Russia,1
2989,Gleb VOLKOV,Russia,1
2990,Victor MUSIHIN,Russia,1
2991,Ivan ATLAROV,Russia,1
2992,Youngwha KIM,Republic of Korea,1
2993,Kiyoon KWON,Republic of Korea,1
2994,Ryder HOY,Canada,1
2995,Ghislain PIPERS,France,1
2996,Daan GROSKAMP,Netherlands,1
2997,Bob SCHUBERT,Netherlands,1
2998,Lucas GAONA,Chile,1
2999,Gasper PINTAR,Slovenia,1
3000,Vanco NAUNOV,The former Yugoslav Republic of Macedonia,1
3001,Arash DOUSTARIAN,Iran (Islamic Republic of),1
3002,Guram DABRUNDASHVILI,Georgia,1
3003,Lasha MITAISHVILI,Georgia,1
3004,Gulbala SAFAROV,Azerbaijan,1
3005,Berkan AKSU,Turkey,1
3006,Mohammadsadegh YOSEFI,Iran (Islamic Republic of),1
3007,Mohsen SHAFIEE,Iran (Islamic Republic of),1
3008,Gogi CHARTOLANI,Georgia,1
3009,Giorgi MUKBANIANI,Georgia,1
3010,Marvin SILVA KÜHNE,Switzerland,1
3011,Petr HANDLIR,Czechia,1
3012,Emiliyan KOLEVSKI,Bulgaria,1
3013,José david MARTINEZ SEVILLA,Mexico,1
3014,Ardi WINOTO,Indonesia,1
3015,Jonathan REDMOND,Ireland,1
3016,Juan O RAW,Ireland,1
3017,Julien FORGUE,France,1
3018,Pawel PIETRZAK,Poland,1
3019,Joshua BOSLER,Germany,1
3020,Sungchan PEE,Republic of Korea,1
3021,Niraj KARKI,Nepal,1
3022,Seongyeop KU,Republic of Korea,1
3023,Gwansu PARK,Republic of Korea,1
3024,Donggyu SON,Republic of Korea,1
3025,Supasan THANAKORNKUL,Thailand,1
3026,George STANCESCU,Romania,1
3027,Igor MILOSAVLJEVIC,Serbia,1
3028,Adam LUDFORD,South Africa,1
3029,Ville TIUKUVAARA,Canada,1
3030,Andrew FUNK,Canada,1
3031,Dmitri KARAMAN,Canada,1
3032,Benjamin FENTON,Canada,1
3033,Bryan MÉRIDA,Guatemala,1
3034,Ryan SCURFIELD,United States of America,1
3035,William PAIR,United States of America,1
3036,Alejandro MARTINEZ  CORDERO,Mexico,1
3037,Ryan WITHEY,United States of America,1
3038,Erik EBLER,Sweden,1
3039,Alexander ILIN,Kazakhstan,1
3040,Marco GOZZI,Italy,1
3041,Luis GERHARDT,Germany,1
3042,Pawel JELONEK,Poland,1
3043,Samuel OMETZ,Switzerland,1
3044,Mats HABERMANN,Germany,1
3045,Danilo MARCHIONNE,Italy,1
3046,Francisco SANCHEZ TRAPES,Argentina,1
3047,Rogelio AMIL,Argentina,1
3048,Yuval SIMHY,Israel,1
3049,Michalis IOANNOU,Cyprus,1
3050,Hossein SADEGHIMAHANI,Iran (Islamic Republic of),1
3051,Baris GUVENC,Turkey,1
3052,Aaron DI LALLO,Canada,1
3053,Magnus EINARSSON,Canada,1
3054,Jake FORSYTH,Canada,1
3055,Kiefer VAN DEN BOSCH,Canada,1
3056,Marek WOJCIK,Poland,1
3057,Thomas PITZEL,United States of America,1
3058,Masafumi TOYOTA,Japan,1
3059,Moritz WINKLER,Germany,1
3060,Jon pål HAMRE,Norway,1
3061,Jan eivind DANIELSEN,Norway,1
3062,Christer RAUGLAND,Norway,1
3063,Tarjei HAMRE,Norway,1
3064,Martinus hals SKAR,Norway,1
3065,Jarle KALLAND,Norway,1
3066,Endre sandø EVENSEN,Norway,1
3067,Einar SULHEIM,Norway,1
3068,Henning WANG,Norway,1
3069,Magnus krane OVESEN,Norway,1
3070,Erlend NUNDAL,Norway,1
3071,Bror morten RANUM,Norway,1
3072,Nigel ARMINO,Netherlands,1
3073,Nicolas VANCAYZEELE,Belgium,1
3074,Nicolas GIRALDO,Colombia,1
3075,Joohwan YOON,Republic of Korea,1
3076,Tim UNUK,Slovenia,1
3077,Pau JOVER ESCAPA,Spain,1
3078,Yuta KOBATA,Japan,1
3079,Hayato NAKAMURA,Japan,1
3080,Jun SHIBANUMA,Japan,1
3081,Tuhin vikas SATARKAR,India,1
3082,Pemba SHERPA,Nepal,1
3083,Bozhidar LYUBENOV,Bulgaria,1
3084,Luka KIVELA,Croatia,1
3085,Andreas AUFSCHNAITER,Austria,1
3086,Abdulla ALDOSERI,Brunei Darussalam,1
3087,Will ANGLIN,United States of America,1
3088,Cole SKINNER,United States of America,1
3089,Dalton BUNKER,United States of America,1
3090,Jonathon GONZALEZ,United States of America,1
3091,Erick MORALES,Guatemala,1
3092,Alex PEARLSTEIN,United States of America,1
3093,Scott WILLIAMS,Canada,1
3094,Adrian CHMIALA,Poland,1
3095,Anselm OBERDORFER,Germany,1
3096,Frederik zeilberger THULSTRUP,Denmark,1
3097,Majid SHOKATMOGHADAM,Iran (Islamic Republic of),1
3098,Constantin TOMA,Romania,1
3099,Hector MEJIA,Guatemala,1
3100,Luis CHÁVEZ,Guatemala,1
3101,Denver LA MONT,United States of America,1
3102,Nyambayar LKHAGVABAZAR,Mongolia,1
3103,Enkhbaatar DORJSUREN,Mongolia,1
3104,Janluca KOSTNER,Italy,1
3105,Lorenzo SINIBALDI,Italy,1
3106,Paolo MARTIGNENE,Italy,1
3107,Maciej STYLA,Poland,1
3108,Ahmed TOURE,United States of America,1
3109,Huang XIN,China,1
3110,Sajid ASLAM,Pakistan,1
3111,Giuliano CAMERONI,Switzerland,1
3112,Balázs BAJUSZ,Hungary,1
3113,Wan i LO,"China, Macao Special Administrative Region",1
3114,Hibiki YAMAUCHI,Japan,1
3115,Toru KOFUKUDA,Japan,1
3116,Kyle STRUTHERS,United States of America,1
3117,Ryan COPELAND,United States of America,1
3118,Nicholas PICARELLA,United States of America,1
3119,Surjit singh KANGUJAM,India,1
3120,Abhishek MEHTA,India,1
3121,Sangam KC,Nepal,1
3122,Mrityunjay SHARMA,India,1
3123,Mandeep KODAN,India,1
3124,Egor KRYACHKOV,Russia,1
3125,Igor FOJCIK,Poland,1
3126,Rowan TOSELLI,South Africa,1
3127,Mauro NAROSKA,Germany,1
3128,Zeki ozan ATASOY,Turkey,1
3129,Rasmus HOLM ESKILDSEN,Denmark,1
3130,David NAUDE,South Africa,1
3131,Patrick PEDERSEN,Norway,1
3132,Yuval SARAF,Israel,1
3133,Michael SIFAKIS,Greece,1
3134,Syabbuddin SYABBUDDIN,Indonesia,1
3135,Mateusz ZAREMBA,Poland,1
3136,Bobby TAFT - PITTMAN,United States of America,1
3137,Alex FRICKER,Canada,1
3138,Edwin CRUCERIRA,Ecuador,1
3139,Dherek RENGIFO,Ecuador,1
3140,Dmytro LYSENKO,Ukraine,1
3141,Nicholas STRONG,United States of America,1
3142,Guillaume COLIN,France,1
3143,Dominick SPERNAZA,United States of America,1
3144,Markus GILLBERG,Sweden,1
3145,Kristoffer KLEV,Norway,1
3146,Théo RAVANELLO,France,1
3147,Oleksii KRYNETSKYI,Ukraine,1
3148,Semen OVCHINNIKOV,Russia,1
3149,Sergei TIUPYSHEV,Russia,1
3150,Oleg POKUSAYEV,Ukraine,1
3151,Anton SVIRIDOV,Russia,1
3152,Oleg PEYSAKHOVICH,Russia,1
3153,Nikolai MOROZOV,Russia,1
3154,Artem PAUKAIEV,Ukraine,1
3155,Tagir IZMAILOV,Russia,1
3156,Vladislav TERLEEV,Russia,1
3157,Porya KARIM POUR,Iran (Islamic Republic of),1
3158,Eduard DAUKAEV,Russia,1
3159,Mohammad Reza EHTESHAM NIA,Iran (Islamic Republic of),1
3160,Demyan ZAYTSEV,Russia,1
3161,Mikhail BABICHEV,Russia,1
3162,Mohamad Kamal AMAR HASSAN,Singapore,1
3163,Ryosuke HIBINO,Japan,1
3164,Yuki NAJIMA,Japan,1
3165,Keenan TAKAHASHI,United States of America,1
3166,Daniel BEALL,United States of America,1
3167,Daniel KRULWICH,Israel,1
3168,Stephan VOGT,Germany,1
3169,David FITZGERALD,Ireland,1
3170,Clement OZUN,France,1
3171,Florian WIENTJES,Germany,1
3172,Pavel KRATOCHVIL,Slovakia,1
3173,Ali ŞEN,Turkey,1
3174,UGUR ILERIGELEN,Turkey,1
3175,Milosz BUJAK,Poland,1
3176,Rafael CORONADO,Luxembourg,1
3177,Ymer ALBER,Sweden,1
3178,Štěpán POTŮČEK,Czechia,1
3179,Louis BÉTRISEY,Switzerland,1
3180,Aliaksandr KLIUZHAU,Belarus,1
3181,Nikita LOGUNOV,Belarus,1
3182,Max AYRTON,United Kingdom,1
3183,Tomas DUCHON,Czechia,1
3184,Dzmitry NIKANORAU,Belarus,1
3185,Maksim NIKIFARAVETS,Belarus,1
3186,Jules KLUWER,Netherlands,1
3187,Rasmus HÜDSI,Estonia,1
3188,Soya SHIMADA,Japan,1
3189,Vladislav BUDNIK,Russia,1
3190,Samuel WINGARDH,Sweden,1
3191,Markus MUINONEN,Finland,1
3192,Vlad CRISTIAN,Romania,1
3193,Sarunas OBERAUSKAS,Lithuania,1
3194,Theofanis Ermis THEOCHAROPOULOS,Greece,1
3195,Cristian LANUZA,Guatemala,1
3196,Keit NURGA,Estonia,1
3197,David ZAVACKY,Slovakia,1
3198,Sam MCQUEEN,United States of America,1
3199,Arthur TERNANT,France,1
3200,Leonardo DE RIVERO HUAMAN,Peru,1
3201,Franz Josef WEBER,Mexico,1
3202,German David SANCHEZ,Mexico,1
3203,Alejandro MARTINEZ CORDERO,Mexico,1
3204,Franklin CARDENAS VICENTE,Peru,1
3205,Mischa RADT,Netherlands,1
3206,Harold PEETERS,Belgium,1
3207,MinHui WANG,China,1
3208,Hubert PRZYTULA,Poland,1
3209,Daniel SMITH,United Kingdom,1
3210,Yan JAKOB,Switzerland,1
3211,Vivian FUMEAUX,Switzerland,1
3212,Seung beom LEE,Republic of Korea,1
3213,Hyeonu SONG,Republic of Korea,1
3214,Sanghyun CHO,Republic of Korea,1
3215,Haram JEON,Republic of Korea,1
3216,Jihwan JU,Republic of Korea,1
3217,Jorge LOREDO DURAN,Mexico,1
3218,Michele BONO,Italy,1
3219,Ethan HOFFMAN,Canada,1
3220,Matey MITSEV,Bulgaria,1
3221,Alex KIECHLE-CORNISH,New Zealand,1
3222,Till VON BOTHMER,Germany,1
3223,Sigrid BIM,Indonesia,1
3224,Evall SEPTY JAWARA,Indonesia,1
3225,Sergey BESMERTNYKH,Kazakhstan,1
3226,Yevgeniy BRYAKIN,Kazakhstan,1
3227,Moch RIZKY SAMUDRA DEWANTARA,Indonesia,1
3228,Junta SEKIGUCHI,Japan,1
3229,Katsura KONISHI,Japan,1
3230,Iman MORA,Philippines,1
3231,John Joseph VELORIA,Philippines,1
3232,Hong il KIM,Republic of Korea,1
3233,Young hyun KIM,Republic of Korea,1
3234,Daeseong KIM,Republic of Korea,1
3235,Mohd izzat MOHD SHOKOR,Malaysia,1
3236,Jit yi DENZEL CHUA,Singapore,1
3237,Tan BING QIAN,Singapore,1
3238,Tarim MEHMET ALİ,Turkey,1
3239,Samuel HEALY,Australia,1
3240,Giorgi JAPARIDZE,Georgia,1
3241,Dario JOST,Switzerland,1
3242,Diego ernesto VÁZQUEZ,Mexico,1
3243,Aman VARMA,India,1
3244,Fazal WADOOD,Pakistan,1
3245,Yingyi WU,China,1
3246,Dhiraj dinkar BIRAJDAR,India,1
3247,Mir abuzar FAIZ,Pakistan,1
3248,Bingtang WANG (Current),China,1
3249,Ming Shu GAN (Current),Taiwan,1
3250,Muhammad Ayman FIRAS (Current),Malaysia,1
3251,Yuping MEI (Current),China,1
3252,Yutao DENG (Current),China,1
3253,Changsheng LAI (Current),China,1
3254,Junfei WEI (Current),China,1
3255,Mathisue Jone MARAK (Current),India,1
3256,Zihao GUO (Current),China,1
3257,Taiga SAKAMOTO (Current),Japan,1
3258,Lucas VALES (Current),United States of America,1
3259,Logan MINER (Current),United States of America,1
3260,Lovre ČULIĆ (Current),Croatia,1
3261,Yonatan KATZ (Current),Israel,1
3262,Mikel PAZ Y PUENTE HOFMANN (Current),Mexico,1
3263,Lokesh RAJAN (Current),India,1
3264,Marco BAUHOFER (Current),Austria,1
3265,Maël GRENIER (Current),France,1
3266,Davide Marco COLOMBO (Current),Italy,1
3267,Luka JERMAN (Current),Slovenia,1
3268,Ege DUMAN (Current),Turkey,1
3269,Theis Lindegren ELFENBEIN (Current),Denmark,1
3270,Suraj SINGH (Current),India,1
3271,García Fernández Del Valle PEDRO (Current),Mexico,1
3272,Joshua Kyri STELIOU (Current),Cyprus,1
3273,Olukayode Adeyemi SONUGA (Current),Nigeria,1
3274,Vin SUKAPANPOTHARAM (Current),Thailand,1
3275,Quitugua MICHAEL (Current),Guam,1
3276,Sulaiman ALYAHYA (Current),Saudi Arabia,1
3277,Muhammad Akif Nukman NAZRILAZDIN (Current),Malaysia,1
3278,Donovan VICENTE (Current),Guam,1
3279,Hakjin LEE (Current),Republic of Korea,1
3280,Sanghyeon HAN (Current),Republic of Korea,1
3281,Poksakon CHOTIKKRAI (Current),Thailand,1
3282,Nidhal DAQNAH (Current),Saudi Arabia,1
3283,Stanley AU (Current),Guam,1
3284,Emil ZIMMERMANN (Current),Germany,1
3285,Man Hou LAM (Current),"China, Macao Special Administrative Region",1
3286,Lihao YANG (Current),China,1
3287,Yuanliang MA (Current),China,1
3288,Yong Kang DYLAN SEOW (Current),Singapore,1
3289,Joseph JOHNSON (Current),South Africa,1
3290,Ti̇mur TAŞ (Current),Turkey,1
3291,Rian GORDON SITORUS (Current),Indonesia,1
3292,Zulkifli PRAMUDITA (Current),Indonesia,1
3293,Aswin Kristanto RAMASKI (Current),Indonesia,1
3294,Riski SAMUDRA (Current),Indonesia,1
3295,Hasan MENSUR (Current),Turkey,1
3296,Ariel FLORES CHEUN (Current),Argentina,1
3297,Pedro Henrique NAMBA DE ARAÚJO (Current),Brazil,1
3298,Yaku Martin GALMEZ SUAREZ (Current),Peru,1
3299,Javier Leonardo ALIAGA NINA (Current),Bolivia (Plurinational State of),1
3300,Ariel GONZALEZ (Current),Costa Rica,1
3301,Aj GOLDSMITH (Current),New Zealand,1
3302,Junwoo LEE (Current),Republic of Korea,1
3303,Zaden ROGERS (Current),United States of America,1
3304,Fernando RUIZ ELIZONDO (Current),Mexico,1
3305,Oiva LAAKSO (Current),Finland,1
3306,Lukas RYMONIS (Current),Lithuania,1
3307,Romain SABATIER (Current),Switzerland,1
3308,Lukas ZGRAGGEN (Current),Switzerland,1
3309,Noé MOUTAULT (Current),France,1
3310,Boyan KIROV (Current),Bulgaria,1
3311,Iker COBAS (Current),Mexico,1
3312,Dylan BAKER (Current),Guam,1
3313,Kasparas SISKAUSKAS (Current),Lithuania,1
3314,Mikolaj BARABAS (Current),Poland,1
3315,Trym Skuggen LANDMARK (Current),Norway,1
3316,Héctor PIÑA (Current),Venezuela (Bolivarian Republic of),1
3317,Aideen NORDIN (Current),Malaysia,1
3318,Paco LEHMANN (Current),France,1
3319,Javier PAREDES RAMOS (Current),Spain,1
3320,Joel CODINA PINEDA (Current),Spain,1
3321,Mateo BOGANTES (Current),Costa Rica,1
3322,Raúl ESCRIBANO SÁNCHEZ (Current),Spain,1
3323,Lau MACIÀ LLOBET (Current),Spain,1
3324,Zachary ZHAO (Current),Canada,1
3325,Rolando José LOPEZ RAMOS (Current),Honduras,1
3326,Alon PELEG LIEBLICH (Current),Israel,1
3327,Juan Ramon PENDONES (Current),Costa Rica,1
3328,Eojin LEE (Current),Republic of Korea,1
3329,Carlos eduardo GARCÍA VERDUZCO,Mexico,1
3330,Tenzin Bertin RAI (Current),Nepal,1
3331,Ronak UPRETI (Current),Nepal,1
3332,Shing Yui WAI (Current),"China, Hong Kong Special Administrative Region",1
3333,Nathan MONTE (Current),United States of America,1
3334,Chi Fung AU (Current),"China, Hong Kong Special Administrative Region",1
3335,Kwing Fai WONG (Current),"China, Hong Kong Special Administrative Region",1
3336,Jit Yi DENZEL CHUA (Current),Singapore,1
3337,Kirill KOLDOMOV (Current),Russia,1
3338,Patricio Gabriel PIÑEYRO (Current),Mexico,1
3339,Max JAKOB (Current),Switzerland,1
3340,Moreno GHILARDI (Current),Switzerland,1
3341,Oriol CODINA PINEDA (Current),Spain,1
3342,Martín FAJARDO (Current),Colombia,1
3343,Darío ANDRÉS RUÍZ (Current),Spain,1
3344,Boris BECHEV (Current),Bulgaria,1
3345,Alberto GARCÍA RODRÍGUEZ DE SEPÚLVEDA (Current),Spain,1
3346,Cedric Lluc MILLES JUNQUÉ (Current),Spain,1
3347,Jan MOLIST DOMINGO (Current),Spain,1
3348,Aitor AMAYA LOPEZ (Current),Brazil,1
3349,Bernat MUNNÉ GUITART (Current),Spain,1
3350,Daniel Filipe AUGUSTO (Current),Portugal,1
3351,Artjom VAGANOV (Current),Estonia,1
3352,Timotej CERMAK (Current),Czechia,1
3353,Lukas TRAVNICEK (Current),Czechia,1
3354,Darius NAIMJI (Current),Czechia,1
3355,Lysander NAIMJI (Current),Czechia,1
3356,Filip ZLAMAL (Current),Czechia,1
3357,Obed MUNDELE MBONGO (Current),Democratic Republic of the Congo,1
3358,Ian MC DOUALL (Current),Colombia,1
3359,Emre DOĞAN (Current),Turkey,1
3360,Luka ŽUFIĆ (Current),Croatia,1
3361,Riku SINIVIRTA (Current),Finland,1
3362,Greipur ÁSMUNDARSON (Current),Iceland,1
3363,Orestes SOULIS (Current),Greece,1
3364,Christian LEITNER (Current),Austria,1
3365,Lukas SAGER (Current),Austria,1
3366,Mateusz MUZAJ (Current),Poland,1
3367,Michal MUZAJ (Current),Poland,1
3368,Luuk SPAARGAREN (Current),Netherlands,1
3369,Sebastian BJØRKEDAL FØLEIDE (Current),Norway,1
3370,Santiago HERRERO (Current),Mexico,1
3371,Hypolite VILANOVA (Current),France,1
3372,Jungbin CHOI (Current),Republic of Korea,1
3373,Akyan ETCHAR (Current),France,1
3374,Tommaso LAMBOGLIA (Current),Italy,1
3375,Janne EISENKOLB (Current),Germany,1
3376,Petr ZEMLIAKOV (Current),Russia,1
3377,Florian VIRAPIN (Current),France,1
3378,Piero David LUNA MANRIQUE (Current),Ecuador,1
3379,Léo GROSSET (Current),France,1
3380,Adnan GREBOVIĆ (Current),Bosnia and Herzegovina,1
3381,Denis SERDAREVIĆ (Current),Bosnia and Herzegovina,1
3382,Carter COLLEAUX (Current),Canada,1
3383,Matias GUTIERREZ RESTREPO (Current),Mexico,1
3384,Hiroto NISHIO (Current),Japan,1
3385,Connor LINEEN (Current),Australia,1
3386,Manato KURASHIKI (Current),Japan,1
3387,Chanjin JUNG (Current),Republic of Korea,1
3388,Ryan SMIT (Current),South Africa,1
3389,Nathaniel SMITH (Current),Canada,1
3390,Matan SAT (Current),Israel,1
3391,Jaka JAKI (Current),Slovenia,1
3392,Vahap KARADAĞ (Current),Turkey,1
